Month-Year,Cloud cover,Diurnal Temperature Range,Frost days,potential evapo-transpiration,Precipitation rate,Minimum 2m temperature,Mean 2m temperature,Maximum 2m temperature,Vapour pressure,Wet days
JAN-1901,80.8,5.7,24.9,0.0,40.1,-3.7,-0.8,2.1,6.1,16.1
FEB-1901,77.3,6.1,23.1,0.1,29.3,-4.3,-1.2,1.9,5.7,11.0
MAR-1901,87.1,5.8,15.8,0.9,52.8,0.8,3.7,6.6,7.0,17.7
APR-1901,71.5,8.7,6.9,2.1,66.9,4.2,8.5,12.9,8.3,17.3
MAY-1901,53.5,10.9,1.9,3.1,29.3,7.1,12.5,18.0,10.9,11.0
JUN-1901,66.5,9.5,0.0,3.2,61.4,10.1,14.9,19.6,12.8,13.3
JUL-1901,61.5,10.3,0.0,3.7,58.1,13.2,18.4,23.5,15.9,14.0
AUG-1901,67.9,9.3,0.0,2.6,66.0,12.1,16.7,21.4,15.7,14.3
SEP-1901,75.5,8.2,0.0,1.7,66.6,10.0,14.1,18.2,13.5,16.3
OCT-1901,80.4,6.8,1.9,0.9,80.5,7.2,10.5,14.0,11.2,17.6
NOV-1901,79.2,6.2,12.4,0.5,62.3,1.9,5.0,8.2,7.7,18.2
DEC-1901,89.7,4.3,14.2,0.4,82.7,1.4,3.5,5.7,7.0,21.2
JAN-1902,90.2,4.3,9.7,0.8,52.1,3.1,5.2,7.4,7.0,18.1
FEB-1902,79.5,5.8,21.2,0.4,27.0,-2.5,0.4,3.4,5.9,10.1
MAR-1902,78.4,7.0,13.2,1.1,41.8,1.8,5.2,8.8,7.3,16.3
APR-1902,71.6,8.7,8.5,2.0,46.9,3.5,7.8,12.2,7.9,13.1
MAY-1902,77.5,8.2,6.1,1.9,71.3,4.7,8.8,12.9,9.8,17.4
JUN-1902,64.5,9.8,0.0,3.4,41.7,10.1,14.9,19.9,12.5,12.1
JUL-1902,70.6,9.0,0.0,2.9,55.9,10.8,15.2,19.7,13.9,14.8
AUG-1902,74.7,8.3,0.0,2.2,111.8,10.6,14.7,18.9,14.1,17.8
SEP-1902,75.1,8.2,0.5,1.6,49.2,8.6,12.7,16.8,12.6,14.2
OCT-1902,82.4,6.5,5.4,0.7,50.6,5.0,8.3,11.5,10.2,14.8
NOV-1902,81.5,5.9,15.0,0.2,28.3,0.9,3.8,6.8,7.9,11.8
DEC-1902,86.0,4.9,22.0,0.0,65.7,-1.6,0.8,3.3,6.6,18.1
JAN-1903,85.9,4.9,15.9,0.6,49.1,0.7,3.2,5.6,6.3,17.2
FEB-1903,78.8,5.9,9.0,1.1,34.7,3.0,6.0,8.9,7.1,11.5
MAR-1903,72.1,7.8,8.5,1.6,54.6,3.6,7.5,11.5,7.9,17.5
APR-1903,87.0,6.9,12.7,1.1,101.2,1.8,5.2,8.6,8.0,18.8
MAY-1903,65.3,9.6,1.0,2.9,49.3,7.9,12.7,17.5,10.8,14.2
JUN-1903,68.5,9.2,0.1,2.9,70.9,9.5,14.1,18.7,12.9,14.9
JUL-1903,73.2,8.6,0.0,2.9,100.3,11.7,16.0,20.4,14.6,16.6
AUG-1903,77.5,7.9,0.0,2.3,91.4,11.6,15.5,19.4,14.6,17.8
SEP-1903,72.4,8.7,0.0,2.0,87.4,10.0,14.3,18.7,13.0,18.1
OCT-1903,84.6,6.1,1.0,1.2,113.5,8.0,11.0,14.1,10.5,21.6
NOV-1903,87.0,5.1,8.0,0.7,72.7,3.7,6.3,8.8,8.2,18.7
DEC-1903,92.0,3.9,18.5,0.0,26.6,-0.2,1.7,3.7,7.0,12.3
JAN-1904,87.3,4.7,20.6,0.1,51.1,-1.0,1.3,3.7,6.7,17.9
FEB-1904,86.9,4.8,14.7,0.8,66.1,0.8,3.2,5.6,6.2,15.9
MAR-1904,81.2,6.7,15.6,1.0,44.2,0.9,4.2,7.5,7.0,15.3
APR-1904,72.7,8.5,5.4,2.2,28.4,4.9,9.2,13.5,8.4,12.0
MAY-1904,66.7,9.4,1.5,2.8,51.3,7.5,12.1,16.9,10.4,14.2
JUN-1904,65.9,9.6,0.1,3.1,58.7,9.5,14.3,19.1,12.6,13.1
JUL-1904,56.0,11.0,0.0,4.1,40.2,12.7,18.2,23.7,14.4,11.4
AUG-1904,61.0,10.3,0.0,2.9,48.1,11.5,16.6,21.7,14.8,13.5
SEP-1904,73.2,8.6,0.8,1.5,36.3,8.3,12.5,16.8,13.0,13.3
OCT-1904,78.5,7.1,3.7,0.8,47.0,6.0,9.5,13.1,10.6,14.6
NOV-1904,86.4,5.1,9.9,0.5,67.0,2.9,5.5,8.1,8.2,17.7
DEC-1904,88.3,4.5,10.2,0.7,68.4,2.9,5.2,7.5,7.3,18.3
JAN-1905,82.6,5.5,21.8,0.2,39.1,-1.5,1.2,4.0,6.4,16.0
FEB-1905,85.2,5.0,13.2,0.8,33.5,1.2,3.7,6.3,6.7,11.9
MAR-1905,79.9,6.8,10.5,1.3,68.9,2.8,6.2,9.7,7.5,19.6
APR-1905,80.9,7.6,11.1,1.4,50.4,2.5,6.2,10.0,8.0,14.9
MAY-1905,60.0,10.2,2.2,2.9,34.7,6.9,12.0,17.1,10.5,10.6
JUN-1905,62.6,10.0,0.0,3.7,67.4,11.6,16.6,21.7,13.5,15.1
JUL-1905,68.7,9.3,0.0,3.5,52.8,13.3,17.9,22.5,15.3,14.0
AUG-1905,70.1,9.0,0.0,2.7,95.5,11.9,16.4,20.9,14.8,16.3
SEP-1905,82.3,7.2,0.1,1.5,64.8,9.6,13.2,16.8,13.2,16.3
OCT-1905,84.6,6.2,9.4,0.5,126.2,3.3,6.3,9.4,9.2,21.8
NOV-1905,85.9,5.2,11.7,0.4,59.9,2.2,4.8,7.4,7.9,16.9
DEC-1905,89.7,4.3,14.0,0.2,31.9,1.5,3.6,5.7,7.5,13.9
JAN-1906,86.9,4.7,13.9,0.6,108.2,1.5,3.8,6.2,6.7,24.4
FEB-1906,88.2,4.6,14.6,0.6,56.8,0.6,2.9,5.2,6.5,14.5
MAR-1906,84.0,6.2,15.1,0.9,55.6,1.1,4.1,7.3,7.2,18.3
APR-1906,63.1,9.7,9.4,2.0,25.4,3.1,8.0,12.8,8.3,11.8
MAY-1906,75.3,8.4,0.5,2.8,78.8,8.6,12.8,17.1,10.9,16.9
JUN-1906,76.1,8.3,0.0,2.6,40.7,10.0,14.2,18.3,13.4,12.4
JUL-1906,70.5,9.0,0.0,3.3,59.8,12.4,16.9,21.5,14.5,13.7
AUG-1906,71.4,8.8,0.0,2.7,67.0,12.6,17.0,21.4,15.2,14.8
SEP-1906,71.6,8.8,0.2,1.7,35.4,9.4,13.8,18.2,13.3,12.5
OCT-1906,78.0,7.1,0.8,1.3,68.4,8.2,11.7,15.3,10.9,16.1
NOV-1906,88.9,4.8,3.7,0.8,74.8,5.9,8.2,10.6,9.0,19.1
DEC-1906,86.7,4.8,21.7,0.0,75.4,-1.5,0.9,3.3,6.6,19.5
JAN-1907,87.7,4.7,18.0,0.5,44.9,-0.0,2.3,4.7,6.3,17.2
FEB-1907,85.9,4.9,19.9,0.3,34.2,-1.6,0.8,3.3,6.2,12.4
MAR-1907,75.2,7.5,14.6,1.1,42.2,1.2,4.9,8.7,7.3,16.0
APR-1907,73.6,8.5,9.7,1.7,40.4,3.0,7.2,11.4,8.1,12.6
MAY-1907,62.8,9.9,1.2,3.1,62.2,7.7,12.6,17.6,10.3,14.9
JUN-1907,80.2,7.7,0.0,2.7,80.3,10.0,13.8,17.7,12.3,16.0
JUL-1907,80.3,7.6,0.0,2.2,42.0,10.3,14.1,17.9,14.2,12.3
AUG-1907,74.8,8.2,0.0,2.5,49.0,11.6,15.7,19.9,14.2,13.2
SEP-1907,66.6,9.6,0.2,2.0,25.6,9.3,14.0,18.8,12.9,11.1
OCT-1907,80.7,6.7,0.5,1.2,72.2,8.7,12.1,15.5,11.6,16.8
NOV-1907,81.7,5.9,9.7,0.6,43.1,3.0,5.9,8.9,8.2,14.9
DEC-1907,90.4,4.1,12.5,0.5,69.6,2.1,4.1,6.2,7.0,20.3
JAN-1908,80.0,5.8,24.0,0.0,45.3,-2.9,0.0,2.9,6.5,16.6
FEB-1908,88.8,4.5,12.9,0.7,58.7,1.6,3.8,6.1,6.9,14.4
MAR-1908,84.3,6.2,15.6,0.9,49.5,0.9,3.9,7.1,7.0,16.4
APR-1908,79.2,7.8,12.1,1.4,38.4,2.1,5.9,9.8,8.0,14.5
MAY-1908,76.3,8.3,0.4,2.8,54.4,8.8,13.0,17.1,10.7,15.5
JUN-1908,67.4,9.4,0.0,3.5,51.6,11.3,16.0,20.7,13.0,13.3
JUL-1908,74.6,8.4,0.0,2.9,81.1,12.6,16.8,21.0,15.3,15.4
AUG-1908,76.7,8.0,0.0,2.1,87.2,11.1,15.1,19.1,15.0,16.6
SEP-1908,75.2,8.2,0.2,1.7,53.8,9.4,13.5,17.6,13.2,14.3
OCT-1908,66.0,9.1,4.6,0.9,7.3,5.5,10.0,14.6,10.9,7.5
NOV-1908,75.4,6.8,15.0,0.3,56.3,0.9,4.3,7.7,7.8,15.4
DEC-1908,91.6,4.0,17.5,0.1,35.5,0.2,2.1,4.2,7.1,13.6
JAN-1909,83.1,5.3,21.8,0.1,33.5,-1.6,1.1,3.8,6.5,14.4
FEB-1909,78.8,5.9,21.3,0.4,31.7,-2.6,0.4,3.4,5.9,12.1
MAR-1909,85.3,6.1,17.5,0.9,60.9,0.2,3.2,6.3,6.6,17.7
APR-1909,65.6,9.4,8.3,2.2,57.3,3.6,8.3,13.0,7.9,16.2
MAY-1909,55.0,10.8,4.3,2.8,30.4,5.6,11.0,16.4,10.0,11.4
JUN-1909,75.9,8.3,0.3,2.5,61.3,9.0,13.1,17.3,12.4,13.3
JUL-1909,83.4,7.2,0.0,2.3,103.7,11.1,14.7,18.3,14.5,17.5
AUG-1909,71.6,8.7,0.0,2.6,83.0,12.0,16.3,20.7,14.8,16.2
SEP-1909,81.2,7.3,0.1,1.5,65.7,9.6,13.2,16.8,13.1,16.8
OCT-1909,80.6,6.7,0.9,1.1,76.8,8.1,11.5,14.9,11.5,18.4
NOV-1909,83.5,5.6,12.9,0.5,54.6,1.7,4.5,7.3,7.5,16.3
DEC-1909,87.8,4.6,13.0,0.5,105.9,1.8,4.1,6.4,7.0,23.4
JAN-1910,88.0,4.6,13.6,0.7,75.8,1.6,3.9,6.2,6.5,21.0
FEB-1910,85.5,5.0,11.1,0.9,72.3,2.1,4.5,7.1,6.8,16.6
MAR-1910,71.4,7.9,13.7,1.2,28.6,1.6,5.5,9.5,7.6,12.6
APR-1910,73.8,8.4,8.4,1.8,44.2,3.6,7.7,12.0,8.4,14.3
MAY-1910,66.8,9.4,1.2,2.7,52.5,7.7,12.4,17.1,11.1,14.2
JUN-1910,71.4,8.9,0.0,3.3,69.0,11.7,16.1,20.6,13.5,15.5
JUL-1910,83.4,7.2,0.0,2.3,115.5,11.7,15.3,18.9,14.9,18.0
AUG-1910,74.3,8.3,0.0,2.4,41.9,12.2,16.3,20.5,15.6,14.2
SEP-1910,79.3,7.6,0.1,1.5,78.6,9.6,13.4,17.2,13.5,15.9
OCT-1910,78.6,7.1,2.1,1.0,31.8,7.0,10.6,14.1,10.9,10.7
NOV-1910,86.3,5.2,13.4,0.4,112.4,1.5,4.1,6.7,7.6,22.2
DEC-1910,89.5,4.3,8.6,0.7,71.3,3.6,5.7,7.9,7.6,20.2
JAN-1911,91.1,4.1,18.7,0.2,34.4,-0.3,1.8,3.8,6.7,14.5
FEB-1911,81.3,5.5,13.5,0.8,47.2,1.1,3.9,6.7,6.6,14.3
MAR-1911,78.3,7.0,12.5,1.2,56.8,2.0,5.5,9.0,7.3,17.8
APR-1911,70.1,8.8,9.4,1.8,28.6,3.1,7.5,11.9,8.2,11.4
MAY-1911,61.3,10.1,0.5,3.1,28.1,8.6,13.6,18.7,11.4,10.7
JUN-1911,68.6,9.2,0.0,3.1,66.2,10.1,14.7,19.3,13.0,15.2
JUL-1911,57.2,10.8,0.0,4.1,20.2,13.4,18.8,24.3,14.9,9.1
AUG-1911,55.2,11.1,0.0,3.8,16.0,14.4,19.9,25.5,15.9,8.4
SEP-1911,66.5,9.6,0.0,2.2,61.2,10.4,15.2,20.0,13.4,13.7
OCT-1911,77.6,7.2,3.3,1.1,93.6,6.2,9.8,13.4,10.2,19.2
NOV-1911,86.4,5.1,7.6,0.6,76.5,3.9,6.5,9.0,8.4,19.0
DEC-1911,89.9,4.2,8.4,0.7,75.1,3.7,5.8,7.9,7.7,20.3
JAN-1912,86.7,4.8,20.6,0.5,56.8,-1.0,1.4,3.9,5.8,19.2
FEB-1912,76.5,6.2,13.1,1.2,42.4,1.5,4.6,7.7,6.1,13.5
MAR-1912,85.3,6.1,6.1,1.6,72.7,4.7,7.7,10.7,7.7,19.2
APR-1912,66.3,9.3,8.7,2.0,23.5,3.4,8.1,12.7,8.2,10.9
MAY-1912,64.6,9.6,2.1,2.7,38.3,7.0,11.8,16.6,10.6,13.3
JUN-1912,72.1,8.8,0.0,3.1,80.5,10.7,15.0,19.5,12.9,16.7
JUL-1912,66.0,9.7,0.0,3.6,48.4,13.6,18.4,23.2,15.6,13.2
AUG-1912,81.5,7.3,0.0,1.8,142.0,10.7,14.4,18.0,14.8,20.1
SEP-1912,81.4,7.3,2.0,1.0,95.0,7.0,10.6,14.3,12.4,18.0
OCT-1912,75.1,7.6,6.9,0.7,69.9,4.3,8.1,12.0,10.1,16.8
NOV-1912,91.2,4.4,9.2,0.5,83.8,3.2,5.4,7.7,8.0,19.9
DEC-1912,88.3,4.5,7.6,0.7,70.5,4.0,6.3,8.5,7.9,20.6
JAN-1913,88.8,4.4,16.5,0.5,65.6,0.5,2.7,5.0,6.5,20.1
FEB-1913,77.0,6.1,14.2,0.8,24.6,0.8,3.9,7.0,6.7,10.5
MAR-1913,77.6,7.1,7.9,1.6,66.7,3.9,7.4,11.0,7.6,18.3
APR-1913,68.2,9.1,7.4,2.1,35.4,4.0,8.5,13.1,8.4,12.2
MAY-1913,66.8,9.4,1.1,2.9,61.1,7.8,12.5,17.3,10.8,14.9
JUN-1913,76.1,8.3,0.0,2.8,80.9,10.2,14.3,18.5,12.8,14.9
JUL-1913,81.9,7.4,0.0,2.1,86.8,10.8,14.5,18.2,14.8,15.7
AUG-1913,71.1,8.8,0.0,2.3,35.7,10.9,15.3,19.7,14.8,10.5
SEP-1913,72.8,8.6,0.1,1.7,52.9,9.5,13.8,18.1,13.3,13.7
OCT-1913,74.6,7.7,1.8,1.2,53.4,7.3,11.1,15.0,10.7,15.7
NOV-1913,88.9,4.8,2.9,1.0,73.8,6.4,8.8,11.2,9.1,18.7
DEC-1913,91.0,4.1,10.4,0.6,71.7,2.8,4.9,6.9,7.4,19.9
JAN-1914,85.3,5.0,23.4,0.0,54.1,-2.5,0.1,2.6,6.3,17.8
FEB-1914,75.3,6.4,9.3,1.1,32.4,2.9,6.1,9.3,7.2,11.7
MAR-1914,85.1,6.1,9.4,1.3,120.8,3.3,6.3,9.4,7.5,24.6
APR-1914,62.2,9.8,4.7,2.5,38.2,5.3,10.2,15.1,8.8,12.4
MAY-1914,73.6,8.6,2.3,2.4,43.7,6.8,11.1,15.5,10.6,13.3
JUN-1914,71.4,8.9,0.1,2.7,80.5,9.6,14.0,18.5,13.4,14.9
JUL-1914,73.8,8.6,0.0,3.1,85.6,13.4,17.6,22.0,15.9,16.4
AUG-1914,68.7,9.1,0.0,2.9,43.7,13.1,17.6,22.2,15.7,11.8
SEP-1914,73.3,8.5,0.2,1.6,97.7,9.4,13.6,17.9,13.5,17.3
OCT-1914,85.8,5.9,2.2,0.9,41.5,6.9,9.9,12.8,10.8,14.7
NOV-1914,89.6,4.6,9.2,0.5,66.2,3.2,5.5,7.9,8.1,17.8
DEC-1914,88.7,4.4,8.0,0.7,100.8,3.8,6.0,8.3,7.6,22.6
JAN-1915,92.2,3.9,14.7,0.7,112.3,1.2,3.1,5.1,6.2,24.2
FEB-1915,83.2,5.3,14.3,0.8,59.2,0.8,3.4,6.1,6.4,14.7
MAR-1915,88.3,5.7,14.9,1.0,58.1,1.1,3.9,6.8,6.9,19.1
APR-1915,71.0,8.7,9.9,1.7,37.0,2.9,7.3,11.6,8.3,12.9
MAY-1915,57.5,10.5,1.8,3.2,57.4,7.2,12.5,17.7,10.2,14.0
JUN-1915,56.6,10.8,0.0,3.9,44.7,10.8,16.1,21.5,12.5,11.8
JUL-1915,74.3,8.5,0.0,2.8,98.0,11.6,15.8,20.1,14.5,17.2
AUG-1915,75.7,8.1,0.0,2.2,97.2,11.7,15.7,19.8,15.2,16.7
SEP-1915,69.7,9.1,0.5,1.7,58.3,8.7,13.2,17.8,12.9,13.5
OCT-1915,83.8,6.2,6.0,0.6,26.0,4.8,7.8,11.0,10.0,11.2
NOV-1915,84.1,5.5,15.7,0.3,92.7,0.6,3.4,6.1,7.5,19.0
DEC-1915,86.3,4.8,9.0,1.1,135.1,3.4,5.8,8.3,6.5,25.7
JAN-1916,87.5,4.7,8.0,1.0,67.4,3.8,6.1,8.5,7.2,20.5
FEB-1916,82.0,5.5,16.0,0.7,67.8,0.3,3.0,5.8,6.4,16.5
MAR-1916,81.7,6.5,13.8,1.2,54.7,1.5,4.8,8.1,6.9,18.4
APR-1916,69.8,8.9,7.0,2.1,57.7,4.2,8.6,13.1,8.3,16.0
MAY-1916,63.6,9.8,0.9,3.1,53.3,8.1,13.0,17.9,10.7,15.2
JUN-1916,78.8,7.9,0.7,2.3,95.0,8.3,12.2,16.2,12.2,16.8
JUL-1916,77.2,8.1,0.0,2.5,41.3,11.3,15.3,19.4,14.9,12.4
AUG-1916,74.0,8.4,0.0,2.5,90.8,12.2,16.3,20.5,15.0,16.6
SEP-1916,75.0,8.3,0.3,1.7,59.5,9.1,13.2,17.3,12.8,14.1
OCT-1916,83.9,6.2,2.2,1.0,83.0,7.0,10.1,13.2,10.5,18.5
NOV-1916,85.8,5.2,7.8,0.5,51.3,3.8,6.4,9.1,8.7,17.2
DEC-1916,90.4,4.1,13.4,0.4,88.5,1.7,3.7,5.8,7.2,21.4
JAN-1917,91.6,4.0,23.0,0.2,43.9,-2.2,-0.2,1.8,5.7,17.7
FEB-1917,76.9,6.2,23.3,0.1,9.7,-4.5,-1.4,1.7,5.8,7.1
MAR-1917,83.8,6.3,21.4,0.7,48.1,-1.4,1.8,5.0,6.4,15.9
APR-1917,84.1,7.2,14.6,1.1,46.8,1.0,4.6,8.2,7.6,14.5
MAY-1917,45.8,11.9,0.4,4.1,27.7,8.8,14.7,20.6,10.3,9.9
JUN-1917,52.7,11.3,0.0,4.4,66.5,12.4,18.1,23.7,13.6,15.4
JUL-1917,69.7,9.1,0.0,3.2,86.0,12.4,17.0,21.6,15.1,14.7
AUG-1917,76.9,8.0,0.0,2.4,129.9,12.8,16.7,20.8,16.0,19.9
SEP-1917,70.9,8.9,0.0,2.0,36.5,10.7,15.1,19.5,13.8,12.6
OCT-1917,78.6,7.1,5.7,0.7,137.6,4.9,8.4,12.0,10.2,22.6
NOV-1917,88.2,4.9,5.3,0.8,55.8,5.0,7.4,9.9,8.7,16.5
DEC-1917,87.4,4.6,22.0,0.0,49.0,-1.6,0.7,3.1,6.7,16.0
JAN-1918,84.1,5.2,16.0,0.8,76.5,0.7,3.3,5.9,6.0,22.7
FEB-1918,82.6,5.4,12.6,0.9,41.5,1.5,4.2,6.9,6.6,13.3
MAR-1918,69.1,8.3,14.4,1.4,27.6,1.3,5.4,9.6,7.1,11.8
APR-1918,83.8,7.2,5.4,1.9,44.0,4.9,8.5,12.2,8.5,14.4
MAY-1918,55.1,10.8,0.5,3.5,30.7,8.6,14.0,19.4,11.0,10.4
JUN-1918,74.3,8.5,0.4,2.6,41.0,8.7,12.9,17.2,12.3,12.8
JUL-1918,74.4,8.5,0.0,2.9,85.9,12.0,16.2,20.5,14.7,16.2
AUG-1918,74.1,8.3,0.0,2.4,81.0,12.1,16.3,20.5,15.3,15.4
SEP-1918,81.9,7.1,0.1,1.6,144.3,9.8,13.3,16.9,12.9,22.5
OCT-1918,85.7,5.9,2.7,0.7,68.9,6.6,9.5,12.5,11.1,16.5
NOV-1918,85.0,5.4,11.2,0.3,39.6,2.4,5.1,7.8,8.3,14.3
DEC-1918,90.9,4.1,6.5,0.9,101.3,4.5,6.5,8.6,7.4,23.3
JAN-1919,91.2,4.1,16.5,0.4,50.7,0.5,2.5,4.6,6.6,17.7
FEB-1919,83.7,5.2,19.2,0.6,46.1,-1.3,1.3,3.9,5.9,13.3
MAR-1919,86.5,5.9,14.1,1.1,63.4,1.4,4.4,7.4,6.8,18.8
APR-1919,80.8,7.6,11.1,1.3,60.3,2.4,6.2,10.0,8.3,15.6
MAY-1919,53.7,10.9,1.7,3.1,21.9,7.3,12.8,18.2,10.9,9.7
JUN-1919,66.5,9.5,0.0,3.1,48.4,9.7,14.4,19.2,12.7,12.1
JUL-1919,82.6,7.3,0.0,2.0,101.4,10.3,14.0,17.6,14.8,17.0
AUG-1919,67.9,9.2,0.0,2.7,44.1,11.6,16.2,20.9,14.4,12.4
SEP-1919,66.3,9.6,0.0,2.2,60.8,10.2,15.0,19.8,13.2,13.8
OCT-1919,80.7,6.7,7.6,0.5,61.3,4.0,7.4,10.7,9.9,15.8
NOV-1919,89.0,4.7,17.8,0.2,72.3,-0.2,2.2,4.6,6.9,18.9
DEC-1919,88.4,4.5,13.8,0.6,121.6,1.5,3.7,6.0,6.7,25.0
JAN-1920,86.2,4.9,12.3,0.9,92.5,2.1,4.5,7.0,6.3,22.6
FEB-1920,72.5,6.8,11.0,1.2,31.2,2.3,5.7,9.1,6.9,11.8
MAR-1920,70.6,8.0,7.7,1.7,20.9,4.0,8.0,12.0,7.8,11.8
APR-1920,84.3,7.2,3.7,2.0,77.9,5.9,9.4,13.1,8.9,17.7
MAY-1920,66.9,9.4,0.5,3.0,59.3,8.6,13.3,18.0,11.1,14.2
JUN-1920,65.3,9.7,0.0,3.2,38.7,10.2,15.0,19.9,13.1,11.0
JUL-1920,73.9,8.5,0.0,3.0,104.5,12.5,16.8,21.0,15.1,17.5
AUG-1920,79.5,7.6,0.0,2.0,83.9,11.0,14.8,18.6,14.8,16.1
SEP-1920,80.5,7.4,0.1,1.5,48.8,9.8,13.5,17.2,13.4,14.2
OCT-1920,65.8,9.2,7.6,0.9,16.9,4.0,8.6,13.2,10.0,9.6
NOV-1920,78.4,6.3,16.3,0.0,17.4,0.4,3.6,6.8,8.4,9.2
DEC-1920,90.9,4.0,15.8,0.2,52.0,0.8,2.8,4.9,7.1,17.6
JAN-1921,88.5,4.5,7.2,1.1,87.3,4.2,6.4,8.7,7.1,22.6
FEB-1921,80.7,5.6,14.1,0.8,9.8,0.9,3.7,6.5,6.7,7.7
MAR-1921,65.7,8.7,9.8,1.6,26.4,3.1,7.4,11.8,7.9,12.9
APR-1921,62.1,9.8,8.1,2.0,26.2,3.7,8.5,13.5,8.8,11.6
MAY-1921,57.1,10.6,0.7,3.3,20.1,8.2,13.5,18.8,11.1,10.2
JUN-1921,71.3,8.9,0.1,2.8,36.9,9.7,14.1,18.5,12.9,11.0
JUL-1921,62.1,10.2,0.0,3.8,10.4,13.1,18.2,23.3,14.7,7.2
AUG-1921,65.0,9.7,0.0,3.1,44.0,12.5,17.3,22.2,14.6,12.1
SEP-1921,65.5,9.7,0.1,2.1,33.8,9.5,14.4,19.3,12.9,11.0
OCT-1921,68.0,8.8,0.5,1.7,26.8,8.7,13.0,17.5,11.0,12.0
NOV-1921,82.5,5.7,20.2,0.0,47.2,-1.2,1.7,4.6,7.5,15.6
DEC-1921,88.1,4.5,14.4,0.3,57.8,1.3,3.5,5.8,7.4,18.8
JAN-1922,84.7,5.1,23.3,0.2,73.6,-2.4,0.2,2.7,6.0,21.1
FEB-1922,74.8,6.5,20.5,0.6,56.5,-2.0,1.2,4.5,5.9,14.4
MAR-1922,83.5,6.3,13.8,1.1,51.0,1.5,4.7,7.9,7.1,16.9
APR-1922,82.0,7.4,11.7,1.4,67.0,2.2,5.9,9.7,7.8,17.0
MAY-1922,55.1,10.8,0.9,3.4,17.0,8.0,13.4,18.8,10.6,9.7
JUN-1922,71.8,8.8,0.0,3.1,60.1,10.4,14.8,19.2,12.5,13.4
JUL-1922,80.2,7.6,0.0,2.5,81.8,11.5,15.3,19.1,14.5,16.4
AUG-1922,74.2,8.4,0.0,2.3,78.7,11.1,15.2,19.4,14.4,15.7
SEP-1922,83.3,7.0,0.4,1.3,84.7,8.8,12.2,15.7,12.8,18.1
OCT-1922,77.9,7.2,10.2,0.5,33.9,2.9,6.5,10.1,9.5,11.9
NOV-1922,86.3,5.2,11.3,0.4,68.3,2.3,4.9,7.5,8.0,17.5
DEC-1922,93.3,3.7,8.8,0.6,66.7,3.5,5.3,7.2,7.6,19.3
JAN-1923,91.0,4.1,11.9,0.6,54.8,2.3,4.3,6.4,7.1,18.7
FEB-1923,86.8,4.8,14.5,0.8,57.8,0.7,3.1,5.5,6.2,15.1
MAR-1923,77.0,7.2,9.9,1.5,31.1,3.0,6.6,10.3,7.3,13.8
APR-1923,68.5,9.0,10.1,1.9,33.4,2.8,7.3,11.9,7.9,12.1
MAY-1923,82.5,7.6,2.2,2.2,97.3,6.9,10.7,14.5,10.2,17.8
JUN-1923,88.3,6.7,1.2,1.8,52.1,7.7,11.1,14.5,12.0,12.1
JUL-1923,71.3,8.9,0.0,3.6,57.5,14.1,18.5,23.0,15.1,14.1
AUG-1923,73.2,8.5,0.0,2.5,73.8,11.6,15.8,20.1,14.5,15.6
SEP-1923,77.0,7.9,0.1,1.7,80.5,9.5,13.5,17.5,13.0,16.4
OCT-1923,84.2,6.1,0.8,1.1,131.2,8.2,11.2,14.3,11.1,22.1
NOV-1923,89.9,4.6,12.5,0.4,68.0,1.9,4.2,6.5,7.6,19.1
DEC-1923,88.9,4.4,20.8,0.1,74.3,-1.1,1.1,3.3,6.5,19.3
JAN-1924,84.0,5.2,23.2,0.2,41.6,-2.3,0.3,2.9,6.0,16.1
FEB-1924,86.0,4.9,21.7,0.4,30.7,-2.3,0.2,2.7,5.8,11.5
MAR-1924,78.6,7.0,17.5,1.1,35.8,0.1,3.6,7.1,6.5,14.4
APR-1924,82.6,7.3,10.2,1.6,58.9,2.8,6.5,10.2,7.8,15.9
MAY-1924,73.0,8.7,0.2,3.1,60.3,9.1,13.4,17.7,10.4,15.9
JUN-1924,75.8,8.3,0.0,2.9,33.7,10.5,14.6,18.8,12.8,12.0
JUL-1924,74.2,8.5,0.0,3.1,96.0,12.3,16.5,20.8,14.4,15.8
AUG-1924,81.4,7.4,0.0,1.8,145.1,11.0,14.7,18.4,15.1,19.3
SEP-1924,83.3,7.0,0.0,1.6,79.8,10.7,14.2,17.7,13.7,19.3
OCT-1924,83.4,6.3,1.5,1.0,92.3,7.5,10.7,13.8,11.0,18.1
NOV-1924,83.7,5.5,10.8,0.3,28.0,2.6,5.3,8.1,8.6,13.6
DEC-1924,90.4,4.1,11.3,0.2,45.7,2.5,4.6,6.7,8.1,16.5
JAN-1925,88.1,4.6,11.6,0.6,70.9,2.4,4.7,7.0,7.3,19.5
FEB-1925,85.4,5.0,9.1,1.0,62.4,3.0,5.4,8.0,7.1,15.3
MAR-1925,85.6,6.1,16.6,0.8,50.6,0.5,3.5,6.6,7.0,16.9
APR-1925,72.5,8.6,7.2,2.0,46.6,4.1,8.4,12.7,8.4,14.5
MAY-1925,67.3,9.4,0.2,3.2,73.9,9.1,13.8,18.5,11.1,15.3
JUN-1925,72.1,8.8,0.0,2.9,44.6,10.1,14.5,18.9,13.1,11.1
JUL-1925,72.6,8.8,0.0,3.3,78.0,13.8,18.1,22.5,15.8,14.0
AUG-1925,80.5,7.5,0.0,2.3,77.8,12.9,16.6,20.4,15.7,15.8
SEP-1925,83.4,6.9,0.7,1.1,118.5,8.4,11.8,15.3,13.0,19.9
OCT-1925,78.1,7.1,3.0,1.0,78.2,6.4,9.9,13.5,10.3,17.3
NOV-1925,89.0,4.7,13.9,0.4,85.1,1.3,3.7,6.1,7.4,18.7
DEC-1925,86.0,4.9,18.6,0.4,129.6,-0.3,2.2,4.6,6.3,25.7
JAN-1926,89.0,4.4,17.4,0.4,62.5,0.2,2.4,4.6,6.5,20.1
FEB-1926,88.0,4.6,6.9,1.4,54.7,4.0,6.3,8.6,6.5,15.2
MAR-1926,82.3,6.5,10.8,1.3,29.2,2.7,5.9,9.2,7.4,13.7
APR-1926,67.9,9.1,4.6,2.4,34.3,5.4,9.9,14.5,8.6,12.9
MAY-1926,79.7,7.9,2.7,2.0,72.2,6.6,10.5,14.5,10.8,16.3
JUN-1926,80.9,7.6,0.0,2.4,55.0,9.9,13.7,17.5,13.4,14.0
JUL-1926,78.7,7.9,0.0,2.9,87.4,13.6,17.5,21.4,15.8,15.4
AUG-1926,74.8,8.2,0.0,2.5,68.2,12.5,16.6,20.7,15.5,13.5
SEP-1926,75.0,8.2,0.0,2.1,60.1,11.4,15.4,19.6,13.4,15.0
OCT-1926,84.3,6.1,4.3,0.9,120.7,5.6,8.7,11.8,9.7,20.7
NOV-1926,86.3,5.1,5.5,0.8,57.5,4.9,7.4,10.0,8.5,18.3
DEC-1926,89.5,4.3,14.8,0.4,47.9,1.2,3.3,5.5,7.0,16.2
JAN-1927,92.2,3.9,11.5,0.6,53.8,2.4,4.3,6.3,7.0,18.7
FEB-1927,81.4,5.5,14.6,0.7,47.7,0.7,3.4,6.2,6.6,13.7
MAR-1927,78.6,7.0,7.7,1.5,52.6,4.0,7.4,10.9,7.9,17.7
APR-1927,84.6,7.1,7.3,1.7,67.9,4.1,7.6,11.2,8.3,17.6
MAY-1927,65.8,9.5,3.4,2.6,34.9,6.1,10.8,15.6,10.1,11.1
JUN-1927,78.2,8.0,0.2,2.6,119.3,9.2,13.2,17.2,12.1,19.2
JUL-1927,80.2,7.6,0.0,2.8,66.8,13.3,17.1,20.9,15.7,15.1
AUG-1927,78.4,7.8,0.0,2.4,111.4,13.0,16.9,20.8,15.9,18.1
SEP-1927,83.5,6.9,0.0,1.7,90.6,10.8,14.2,17.7,13.4,19.0
OCT-1927,79.8,6.8,2.1,1.0,41.5,7.0,10.4,13.8,10.7,14.2
NOV-1927,91.8,4.3,11.7,0.4,59.3,2.2,4.4,6.5,7.6,18.4
DEC-1927,89.6,4.3,23.7,0.0,53.1,-2.6,-0.5,1.7,6.0,17.4
JAN-1928,88.1,4.5,13.6,0.7,87.6,1.6,3.9,6.2,6.5,22.9
FEB-1928,79.8,5.8,11.8,1.0,53.9,2.0,4.9,7.8,6.7,14.8
MAR-1928,70.3,8.1,15.9,1.2,24.5,0.7,4.8,8.9,6.9,12.4
APR-1928,74.9,8.3,7.6,1.9,51.6,3.9,8.0,12.2,8.2,14.5
MAY-1928,71.5,8.9,3.5,2.2,54.3,6.1,10.5,14.9,10.5,13.8
JUN-1928,74.4,8.5,0.1,2.9,56.8,9.3,13.5,17.8,11.9,14.5
JUL-1928,59.4,10.5,0.0,3.8,47.8,12.3,17.5,22.8,14.2,12.8
AUG-1928,73.5,8.5,0.0,2.6,86.9,12.2,16.4,20.6,14.7,16.5
SEP-1928,62.2,10.3,0.9,1.9,32.8,8.1,13.2,18.4,12.7,11.2
OCT-1928,78.7,7.1,2.7,1.0,91.1,6.6,10.1,13.7,10.7,18.9
NOV-1928,88.4,4.9,4.0,0.9,120.2,5.7,8.1,10.6,8.7,23.0
DEC-1928,91.4,4.0,16.0,0.2,59.0,0.7,2.7,4.7,7.0,18.6
JAN-1929,87.2,4.7,25.1,0.0,25.1,-3.8,-1.5,0.9,5.7,13.6
FEB-1929,68.2,7.4,26.3,0.0,11.9,-8.5,-4.7,-1.0,5.1,8.1
MAR-1929,69.4,8.2,17.6,1.0,11.2,0.1,4.2,8.3,7.2,7.5
APR-1929,77.1,8.0,14.4,1.4,50.1,1.1,5.1,9.1,7.5,14.2
MAY-1929,57.7,10.5,1.5,3.2,21.2,7.5,12.7,18.0,10.5,11.3
JUN-1929,76.0,8.3,0.1,2.8,50.0,9.5,13.7,17.8,12.1,12.9
JUL-1929,71.3,8.9,0.0,3.3,54.6,12.6,17.0,21.5,14.4,13.9
AUG-1929,64.5,9.8,0.0,3.0,49.3,12.2,17.0,22.0,14.6,12.4
SEP-1929,59.1,10.8,0.0,2.7,40.9,11.0,16.4,21.8,13.4,11.7
OCT-1929,84.5,6.1,1.3,1.0,120.3,7.6,10.7,13.8,10.9,21.7
NOV-1929,82.0,5.8,7.7,0.6,74.1,3.9,6.8,9.7,8.6,18.8
DEC-1929,86.2,4.9,8.4,0.7,103.1,3.7,6.1,8.5,7.9,24.1
JAN-1930,84.5,5.1,10.7,0.8,40.4,2.7,5.3,7.9,7.2,15.8
FEB-1930,80.2,5.7,18.1,0.6,16.9,-0.8,2.1,4.9,6.1,8.3
MAR-1930,72.0,7.9,13.7,1.3,32.1,1.6,5.5,9.5,7.2,14.4
APR-1930,78.8,7.8,5.5,1.9,34.4,4.9,8.8,12.7,8.7,13.0
MAY-1930,74.0,8.6,1.7,2.4,66.4,7.3,11.6,15.9,10.9,15.7
JUN-1930,61.6,10.1,0.0,4.0,41.4,12.4,17.4,22.5,13.4,13.1
JUL-1930,81.2,7.5,0.0,2.7,171.9,12.5,16.3,20.1,15.2,20.7
AUG-1930,69.2,9.1,0.0,2.7,109.4,12.2,16.7,21.3,15.4,17.1
SEP-1930,85.4,6.6,0.0,1.6,116.1,10.7,14.0,17.4,13.5,21.1
OCT-1930,79.8,6.9,2.1,1.0,100.6,7.0,10.4,13.9,11.0,18.6
NOV-1930,86.2,5.2,5.0,0.9,124.0,5.1,7.7,10.3,8.4,24.0
DEC-1930,90.7,4.1,14.9,0.1,48.9,1.1,3.2,5.2,7.5,15.9
JAN-1931,90.3,4.2,15.6,0.6,94.5,0.9,2.9,5.1,6.3,23.2
FEB-1931,84.9,5.0,18.6,0.4,72.9,-1.0,1.5,4.1,6.3,15.8
MAR-1931,66.9,8.6,22.1,1.0,15.8,-1.7,2.6,6.9,6.4,11.0
APR-1931,73.8,8.4,11.1,1.6,73.2,2.4,6.6,10.8,8.0,17.1
MAY-1931,63.1,9.8,0.3,3.2,60.8,8.8,13.7,18.7,11.1,16.0
JUN-1931,67.1,9.4,0.0,3.4,48.9,10.3,15.0,19.7,12.4,14.3
JUL-1931,78.2,8.0,0.0,2.9,124.9,12.7,16.6,20.6,15.0,19.7
AUG-1931,76.5,8.1,0.0,2.3,113.9,11.7,15.7,19.8,14.7,17.8
SEP-1931,77.3,7.9,1.3,1.3,59.9,7.7,11.6,15.6,12.5,15.4
OCT-1931,72.3,8.1,5.3,0.9,45.9,5.1,9.1,13.2,10.3,13.9
NOV-1931,84.1,5.5,7.2,0.6,32.8,4.1,6.8,9.6,8.8,13.6
DEC-1931,85.8,4.9,14.5,0.4,44.7,1.3,3.7,6.2,7.2,16.5
JAN-1932,83.7,5.3,13.1,0.6,48.1,1.8,4.4,7.1,7.2,17.6
FEB-1932,78.0,6.0,20.8,0.3,9.3,-1.8,1.2,4.3,6.5,6.9
MAR-1932,68.6,8.3,20.5,0.9,32.8,-1.0,3.2,7.4,6.8,14.1
APR-1932,81.7,7.5,8.7,1.6,77.6,3.4,7.1,10.9,8.2,17.9
MAY-1932,74.9,8.5,1.0,2.5,71.2,7.9,12.1,16.4,10.9,16.2
JUN-1932,63.4,9.9,0.1,3.1,30.0,9.4,14.3,19.3,12.8,9.8
JUL-1932,71.4,9.0,0.0,3.2,93.4,13.2,17.6,22.1,15.7,16.8
AUG-1932,62.7,10.0,0.0,3.4,45.7,13.9,18.9,24.0,15.6,13.1
SEP-1932,79.5,7.6,0.0,2.0,107.5,11.3,15.0,18.9,13.4,19.4
OCT-1932,81.8,6.6,3.0,1.0,176.8,6.4,9.7,13.0,10.3,24.3
NOV-1932,85.4,5.3,9.1,0.5,39.4,3.3,5.9,8.6,8.3,15.0
DEC-1932,85.8,4.9,13.5,0.3,17.4,1.7,4.1,6.6,7.7,10.5
JAN-1933,83.4,5.3,23.3,0.1,22.6,-2.4,0.3,3.0,6.3,13.3
FEB-1933,80.2,5.7,16.6,0.7,39.4,-0.2,2.7,5.6,6.3,13.1
MAR-1933,58.8,9.7,12.4,1.7,43.4,2.1,6.9,11.7,7.4,16.2
APR-1933,69.6,8.9,8.4,1.9,15.3,3.5,8.0,12.4,8.3,9.7
MAY-1933,68.7,9.2,1.7,2.6,65.1,7.3,11.9,16.5,10.9,15.2
JUN-1933,67.3,9.5,0.0,2.9,67.7,10.1,14.8,19.6,13.8,15.6
JUL-1933,67.9,9.4,0.0,3.3,63.6,13.2,17.9,22.6,16.0,13.2
AUG-1933,61.8,10.1,0.0,3.1,52.3,12.6,17.7,22.7,15.5,12.5
SEP-1933,66.8,9.6,0.0,2.0,46.9,10.1,14.9,19.7,13.7,14.3
OCT-1933,79.2,7.0,2.3,0.9,86.2,6.9,10.3,13.8,11.1,17.9
NOV-1933,88.2,4.9,12.1,0.3,42.1,2.0,4.5,6.9,8.1,15.3
DEC-1933,86.1,4.9,25.0,0.0,9.1,-3.8,-1.3,1.1,6.7,8.6
JAN-1934,88.4,4.5,17.3,0.2,56.3,0.2,2.5,4.7,7.0,18.2
FEB-1934,81.9,5.5,15.0,0.5,9.7,0.5,3.2,6.0,7.1,8.2
MAR-1934,80.1,6.8,12.6,1.0,53.2,2.0,5.4,8.8,7.7,16.9
APR-1934,58.9,10.2,6.0,2.5,47.3,4.7,9.7,14.8,8.4,14.4
MAY-1934,60.2,10.2,2.0,2.8,40.6,7.1,12.1,17.2,10.9,13.4
JUN-1934,58.5,10.6,0.0,3.5,55.7,10.0,15.3,20.6,13.0,13.2
JUL-1934,63.1,10.1,0.0,3.5,35.0,12.7,17.7,22.8,15.7,11.8
AUG-1934,66.0,9.6,0.0,2.7,61.3,11.9,16.7,21.5,15.5,15.0
SEP-1934,62.9,10.2,0.0,2.3,45.2,11.0,16.1,21.2,14.1,13.9
OCT-1934,83.4,6.3,1.0,1.0,101.8,8.0,11.1,14.3,11.3,19.1
NOV-1934,85.8,5.3,8.7,0.5,42.2,3.4,6.0,8.7,8.6,15.5
DEC-1934,90.7,4.1,6.1,0.6,92.5,4.7,6.7,8.8,8.4,21.9
JAN-1935,90.2,4.3,16.5,0.5,60.6,0.5,2.7,4.9,6.5,19.5
FEB-1935,80.4,5.7,12.7,0.8,69.7,1.5,4.3,7.2,6.8,16.4
MAR-1935,69.3,8.3,16.2,1.1,24.2,0.6,4.8,8.9,7.3,12.8
APR-1935,82.1,7.5,7.5,1.6,76.1,4.0,7.7,11.4,8.5,18.0
MAY-1935,59.2,10.3,4.7,2.6,52.2,5.4,10.5,15.7,10.3,14.3
JUN-1935,66.6,9.5,0.0,3.5,98.7,11.5,16.2,21.0,13.3,17.6
JUL-1935,66.7,9.6,0.0,3.4,25.4,12.7,17.5,22.3,15.1,10.6
AUG-1935,60.4,10.4,0.0,3.0,64.3,12.0,17.2,22.5,15.1,13.2
SEP-1935,74.5,8.4,0.0,1.9,111.4,10.3,14.4,18.6,13.5,20.5
OCT-1935,78.5,7.1,3.1,0.9,90.4,6.3,9.9,13.5,10.8,18.9
NOV-1935,84.5,5.4,6.1,0.7,55.2,4.6,7.3,10.0,8.7,16.4
DEC-1935,90.8,4.1,14.8,0.3,74.8,1.2,3.2,5.2,7.1,19.6
JAN-1936,87.5,4.7,10.5,0.9,87.6,2.8,5.1,7.5,6.8,22.0
FEB-1936,81.3,5.5,18.2,0.7,50.5,-0.6,2.2,5.0,6.1,15.1
MAR-1936,73.6,7.7,10.8,1.4,15.1,2.7,6.5,10.4,7.5,10.6
APR-1936,81.1,7.6,11.3,1.4,52.5,2.4,6.1,9.9,8.2,15.9
MAY-1936,69.4,9.1,1.1,2.6,23.4,7.8,12.4,16.9,11.2,10.3
JUN-1936,61.2,10.2,0.0,3.5,54.1,10.7,15.8,21.0,13.6,13.7
JUL-1936,78.3,8.0,0.0,2.7,129.8,12.6,16.5,20.5,15.7,18.8
AUG-1936,68.9,9.2,0.0,2.6,41.0,12.3,16.8,21.4,15.6,13.1
SEP-1936,74.1,8.4,0.1,1.8,85.8,10.0,14.2,18.4,13.2,18.6
OCT-1936,79.5,7.0,5.5,0.7,81.0,5.0,8.5,12.0,10.2,17.5
NOV-1936,88.4,4.9,9.3,0.4,80.8,3.2,5.6,8.0,8.5,18.8
DEC-1936,87.1,4.7,13.2,0.2,51.8,1.8,4.1,6.5,7.8,16.5
JAN-1937,85.7,5.0,18.4,0.3,96.5,-0.2,2.3,4.8,6.6,23.6
FEB-1937,84.1,5.2,11.3,1.1,92.6,2.0,4.6,7.2,6.4,18.4
MAR-1937,85.1,6.1,15.5,1.0,71.4,0.9,3.9,7.0,6.9,19.9
APR-1937,86.4,6.9,5.5,1.7,72.5,4.9,8.3,11.8,8.8,16.5
MAY-1937,62.2,10.0,0.2,3.3,61.0,9.1,14.0,19.0,11.2,15.2
JUN-1937,67.7,9.3,0.0,3.3,58.1,10.8,15.4,20.1,13.2,12.9
JUL-1937,76.0,8.2,0.0,2.8,57.1,12.7,16.8,20.9,15.6,12.8
AUG-1937,67.0,9.4,0.0,2.7,66.5,12.7,17.4,22.1,16.0,12.7
SEP-1937,71.5,8.8,0.1,1.7,91.9,9.5,13.9,18.3,13.8,17.7
OCT-1937,75.9,7.5,1.6,1.1,29.1,7.5,11.2,15.0,11.4,11.4
NOV-1937,82.8,5.7,11.5,0.4,49.0,2.3,5.1,8.0,8.1,15.5
DEC-1937,91.1,4.0,17.5,0.3,64.9,0.1,2.2,4.2,6.6,19.0
JAN-1938,86.1,4.9,13.3,0.7,108.3,1.7,4.2,6.7,6.8,23.5
FEB-1938,74.7,6.5,15.8,0.7,36.0,0.1,3.4,6.7,6.7,11.9
MAR-1938,64.3,8.9,8.1,1.7,22.9,3.8,8.2,12.7,8.3,11.6
APR-1938,74.5,8.3,12.1,1.4,24.5,2.1,6.2,10.4,8.3,10.6
MAY-1938,62.0,10.0,3.7,2.6,48.0,5.9,10.9,15.9,10.4,13.7
JUN-1938,66.2,9.5,0.0,3.3,34.3,10.3,15.1,19.9,12.7,11.0
JUL-1938,70.7,9.0,0.0,3.0,72.5,11.9,16.4,20.9,14.9,15.8
AUG-1938,66.1,9.6,0.0,3.0,81.0,13.3,18.1,22.9,15.9,15.3
SEP-1938,69.1,9.2,0.0,2.0,49.3,10.5,15.1,19.7,13.9,15.0
OCT-1938,80.6,6.8,2.5,0.8,103.2,6.7,10.1,13.5,11.3,20.2
NOV-1938,84.9,5.4,2.8,0.9,72.8,6.4,9.1,11.8,9.4,18.7
DEC-1938,86.9,4.7,20.8,0.0,65.0,-1.1,1.3,3.7,7.1,18.9
JAN-1939,90.3,4.3,11.4,0.9,106.5,2.5,4.6,6.7,6.6,23.9
FEB-1939,77.9,6.1,13.5,0.7,32.1,1.1,4.1,7.2,7.1,10.8
MAR-1939,80.6,6.7,15.3,0.9,67.0,1.0,4.3,7.7,7.4,18.8
APR-1939,73.0,8.5,6.1,2.1,59.2,4.6,8.8,13.1,8.3,16.2
MAY-1939,66.3,9.5,2.9,2.5,26.8,6.5,11.2,16.0,10.7,11.2
JUN-1939,56.1,10.9,0.0,3.6,39.8,10.2,15.6,21.1,13.1,10.9
JUL-1939,72.7,8.7,0.0,3.1,80.3,12.5,16.9,21.3,15.1,15.3
AUG-1939,66.3,9.5,0.0,2.9,66.7,13.1,17.8,22.6,16.1,14.7
SEP-1939,73.0,8.6,0.0,1.9,68.4,10.5,14.8,19.1,13.7,16.4
OCT-1939,83.6,6.3,6.0,0.7,132.3,4.7,7.9,11.1,9.7,22.1
NOV-1939,83.5,5.6,5.8,0.8,140.6,4.8,7.5,10.3,8.6,23.9
DEC-1939,88.1,4.6,19.5,0.1,46.5,-0.6,1.7,4.0,6.8,16.8
JAN-1940,76.7,6.5,28.9,0.0,32.0,-8.1,-4.9,-1.7,5.4,15.1
FEB-1940,75.0,6.5,24.6,0.3,33.5,-5.0,-1.8,1.5,5.2,11.5
MAR-1940,77.3,7.2,15.1,1.3,82.5,1.0,4.6,8.2,6.7,21.1
APR-1940,73.2,8.5,7.4,2.1,68.7,4.0,8.2,12.5,7.8,16.0
MAY-1940,60.8,10.1,1.6,2.9,25.3,7.4,12.4,17.5,10.9,9.5
JUN-1940,60.8,10.3,0.0,3.6,55.0,11.1,16.2,21.4,13.7,11.7
JUL-1940,76.1,8.3,0.0,2.7,101.1,11.9,16.0,20.2,14.9,18.5
AUG-1940,73.1,8.6,0.0,2.3,67.5,11.0,15.2,19.5,14.6,13.7
SEP-1940,75.1,8.3,0.4,1.7,85.5,8.9,13.0,17.2,12.6,17.2
OCT-1940,76.7,7.4,5.0,0.8,39.5,5.3,9.0,12.7,10.2,13.5
NOV-1940,82.5,5.8,6.6,0.8,131.4,4.4,7.2,10.2,8.4,24.4
DEC-1940,87.5,4.6,21.1,0.0,102.0,-1.2,1.1,3.4,6.8,21.8
JAN-1941,87.6,4.7,26.2,0.1,37.2,-5.0,-2.6,-0.2,5.0,17.2
FEB-1941,81.7,5.5,18.7,0.8,47.7,-1.1,1.7,4.4,5.6,14.2
MAR-1941,77.1,7.2,15.0,1.2,72.8,1.1,4.7,8.3,6.8,19.2
APR-1941,79.0,7.8,11.5,1.6,26.0,2.3,6.2,10.1,7.6,11.8
MAY-1941,67.1,9.4,6.0,2.2,41.6,4.7,9.4,14.2,10.0,12.9
JUN-1941,60.0,10.4,0.0,3.7,40.7,10.7,15.9,21.1,12.8,10.0
JUL-1941,61.9,10.3,0.0,3.8,59.2,13.5,18.6,23.8,15.7,13.6
AUG-1941,81.1,7.4,0.0,2.0,130.9,11.6,15.3,19.0,15.0,20.3
SEP-1941,68.2,9.3,0.2,1.8,24.1,9.2,13.8,18.5,13.3,10.2
OCT-1941,79.9,6.9,3.2,1.0,130.9,6.3,9.7,13.2,10.3,21.4
NOV-1941,86.3,5.2,12.8,0.3,30.9,1.8,4.3,6.9,7.9,13.6
DEC-1941,87.0,4.8,11.4,0.6,76.6,2.4,4.8,7.2,7.2,19.3
JAN-1942,81.7,5.6,28.2,0.0,53.0,-7.2,-4.3,-1.5,5.2,17.8
FEB-1942,81.8,5.5,24.8,0.1,22.1,-6.2,-3.5,-0.7,5.0,10.3
MAR-1942,72.2,7.9,21.1,0.9,36.6,-1.3,2.7,6.7,6.4,13.9
APR-1942,62.6,9.8,8.7,2.3,19.1,3.4,8.3,13.2,7.8,10.6
MAY-1942,63.7,9.8,2.2,2.9,60.0,6.9,11.8,16.7,10.1,15.0
JUN-1942,64.5,9.8,0.2,3.1,39.9,9.2,14.1,19.0,12.3,11.7
JUL-1942,77.6,8.1,0.0,2.8,172.6,11.9,15.9,20.0,14.4,20.1
AUG-1942,62.5,10.1,0.0,3.2,63.0,13.1,18.1,23.2,15.3,13.8
SEP-1942,71.1,8.9,0.0,2.1,65.3,10.7,15.2,19.6,13.5,14.6
OCT-1942,81.8,6.6,0.5,1.4,105.0,8.7,11.9,15.3,11.0,20.1
NOV-1942,86.9,5.1,9.0,0.6,60.5,3.3,5.8,8.4,8.1,17.2
DEC-1942,86.7,4.8,10.9,0.5,68.4,2.7,5.0,7.4,7.6,18.4
JAN-1943,85.1,5.0,17.0,0.6,85.7,0.3,2.9,5.4,6.2,21.7
FEB-1943,78.7,5.9,11.4,0.8,40.8,2.0,4.9,7.9,7.2,12.4
MAR-1943,60.4,9.5,12.2,1.6,19.4,2.2,6.9,11.6,7.6,10.8
APR-1943,68.9,9.0,4.3,2.3,45.5,5.5,10.0,14.5,8.8,13.8
MAY-1943,51.7,11.2,1.6,3.3,43.6,7.4,12.9,18.6,10.7,12.5
JUN-1943,72.2,8.8,0.0,2.8,76.2,9.9,14.3,18.7,13.2,16.1
JUL-1943,61.9,10.2,0.0,3.5,41.8,12.1,17.2,22.3,14.8,10.9
AUG-1943,70.2,8.9,0.0,3.0,89.4,13.0,17.5,22.0,14.9,16.6
SEP-1943,70.0,9.0,0.1,1.8,55.9,9.6,14.1,18.7,13.4,13.9
OCT-1943,71.2,8.3,2.1,1.1,25.0,7.0,11.1,15.3,11.2,11.1
NOV-1943,81.6,5.9,11.8,0.3,104.3,2.2,5.1,8.1,8.3,20.7
DEC-1943,89.2,4.4,17.9,0.1,36.6,-0.0,2.2,4.4,7.1,14.4
JAN-1944,88.9,4.5,9.6,0.9,68.0,3.2,5.4,7.7,7.1,21.1
FEB-1944,84.9,5.1,18.5,0.4,37.3,-0.7,1.8,4.4,6.5,12.5
MAR-1944,80.7,6.7,17.8,0.8,32.1,0.1,3.4,6.8,7.1,13.7
APR-1944,67.6,9.2,6.6,2.2,33.5,4.4,8.9,13.5,8.3,12.7
MAY-1944,56.9,10.6,3.4,2.8,42.9,6.1,11.4,16.7,10.3,12.6
JUN-1944,77.8,8.1,0.1,2.7,72.8,9.7,13.7,17.8,12.6,15.2
JUL-1944,75.6,8.3,0.0,3.0,73.8,12.9,17.0,21.2,15.5,14.9
AUG-1944,56.2,11.0,0.0,3.7,32.8,13.9,19.4,24.9,15.8,9.6
SEP-1944,73.8,8.5,0.2,1.7,101.2,9.3,13.5,17.8,13.2,18.9
OCT-1944,83.9,6.2,2.6,0.8,95.6,6.6,9.7,12.9,10.9,18.7
NOV-1944,85.4,5.3,7.8,0.7,163.0,3.8,6.5,9.1,8.2,26.1
DEC-1944,86.3,4.8,16.7,0.1,77.1,0.4,2.9,5.3,7.4,19.4
JAN-1945,82.7,5.4,25.5,0.0,57.4,-4.3,-1.5,1.2,5.9,18.9
FEB-1945,81.5,5.5,8.5,1.2,65.6,3.2,6.0,8.8,6.8,15.9
MAR-1945,72.7,7.8,8.4,1.6,26.4,3.7,7.6,11.5,7.9,13.3
APR-1945,62.1,9.8,5.9,2.4,50.3,4.7,9.6,14.5,8.6,15.9
MAY-1945,59.4,10.3,0.5,3.4,81.5,8.6,13.7,18.9,10.6,17.3
JUN-1945,64.0,9.8,0.0,3.6,47.7,11.0,15.9,20.8,13.0,13.4
JUL-1945,64.8,9.8,0.0,3.5,60.7,12.9,17.8,22.7,15.4,13.8
AUG-1945,76.4,8.1,0.0,2.4,106.6,12.5,16.5,20.6,15.6,18.7
SEP-1945,75.2,8.2,0.0,1.9,82.1,10.7,14.8,18.9,13.5,16.5
OCT-1945,76.4,7.4,1.1,1.2,49.5,7.9,11.6,15.4,11.2,14.4
NOV-1945,89.1,4.8,9.3,0.3,43.1,3.2,5.5,7.9,8.6,14.4
DEC-1945,85.9,4.9,13.5,0.4,72.0,1.6,4.1,6.5,7.2,19.5
JAN-1946,83.9,5.2,22.4,0.2,54.7,-1.8,0.8,3.4,6.3,17.3
FEB-1946,86.1,4.9,11.0,1.0,115.3,2.1,4.6,7.1,6.5,20.2
MAR-1946,81.4,6.6,14.8,1.1,37.7,1.2,4.5,7.8,7.0,15.3
APR-1946,55.7,10.5,5.8,2.6,24.6,4.8,10.0,15.3,8.6,9.8
MAY-1946,61.6,10.0,1.1,3.1,49.6,7.9,12.9,17.9,10.8,13.6
JUN-1946,78.3,8.0,0.0,2.7,77.3,9.9,13.9,17.9,12.8,16.6
JUL-1946,68.4,9.3,0.0,3.4,55.7,13.0,17.7,22.4,15.2,14.2
AUG-1946,71.0,8.8,0.0,2.5,90.4,11.6,16.0,20.5,14.8,16.1
SEP-1946,75.4,8.2,0.0,1.8,91.6,10.6,14.6,18.7,13.8,19.2
OCT-1946,79.0,7.0,4.5,0.9,60.2,5.5,9.0,12.5,10.1,14.9
NOV-1946,86.9,5.0,7.6,0.6,58.6,3.9,6.4,9.0,8.5,17.0
DEC-1946,87.7,4.6,22.4,0.0,47.8,-1.8,0.5,2.8,7.0,16.1
JAN-1947,82.5,5.5,25.5,0.0,25.9,-4.2,-1.5,1.3,5.9,14.5
FEB-1947,80.4,5.7,25.6,0.0,24.2,-7.4,-4.5,-1.7,4.8,10.2
MAR-1947,75.9,7.3,18.8,1.1,87.0,-0.3,3.3,7.0,6.3,22.7
APR-1947,65.9,9.3,6.7,2.3,61.4,4.3,9.0,13.6,8.1,14.9
MAY-1947,52.6,11.1,0.3,3.7,37.3,9.1,14.6,20.2,11.1,11.7
JUN-1947,61.0,10.2,0.0,3.9,43.8,11.9,17.0,22.2,13.5,12.8
JUL-1947,63.8,10.0,0.0,3.8,71.1,13.6,18.5,23.5,15.4,14.3
AUG-1947,50.6,11.8,0.0,3.7,40.6,13.4,19.3,25.2,16.0,9.4
SEP-1947,63.1,10.1,0.0,2.7,52.1,12.2,17.2,22.3,13.9,13.4
OCT-1947,62.7,9.6,5.8,0.9,18.4,4.9,9.7,14.5,10.7,9.5
NOV-1947,85.1,5.3,6.3,0.9,107.9,4.5,7.2,9.9,8.2,21.4
DEC-1947,87.6,4.6,12.6,0.5,89.0,2.0,4.3,6.6,7.2,21.8
JAN-1948,86.7,4.8,10.6,1.1,130.2,2.8,5.2,7.6,6.3,26.4
FEB-1948,79.9,5.8,17.2,0.7,41.6,-0.2,2.7,5.6,6.3,13.1
MAR-1948,59.9,9.5,11.8,1.7,29.1,2.3,7.1,11.8,7.6,11.5
APR-1948,62.6,9.8,5.1,2.5,54.5,5.1,10.0,14.9,8.6,14.2
MAY-1948,58.7,10.4,1.2,3.2,41.7,7.8,13.0,18.2,10.6,14.0
JUN-1948,67.5,9.4,0.0,3.2,73.3,10.3,15.0,19.7,13.1,15.3
JUL-1948,74.7,8.5,0.0,2.9,96.3,12.2,16.4,20.7,15.0,15.7
AUG-1948,74.5,8.3,0.0,2.6,93.2,12.5,16.6,20.8,15.1,17.8
SEP-1948,75.2,8.2,0.0,1.9,56.6,10.7,14.8,18.9,13.6,13.9
OCT-1948,76.0,7.5,3.1,1.0,43.0,6.3,10.0,13.8,10.5,12.7
NOV-1948,77.5,6.5,9.6,0.6,32.0,3.0,6.2,9.5,8.5,12.4
DEC-1948,84.3,5.2,13.2,0.3,52.8,1.8,4.3,6.9,7.6,15.4
JAN-1949,83.9,5.2,13.8,0.5,38.5,1.5,4.1,6.8,7.1,16.0
FEB-1949,70.7,7.1,14.2,0.7,28.0,0.8,4.3,7.9,7.2,10.7
MAR-1949,66.7,8.6,19.1,1.1,36.5,-0.5,3.8,8.2,6.8,14.6
APR-1949,60.1,10.0,4.8,2.5,52.3,5.2,10.2,15.3,8.9,14.9
MAY-1949,65.7,9.6,2.1,2.7,60.6,7.0,11.7,16.6,10.7,14.6
JUN-1949,65.9,9.6,0.3,2.9,25.0,9.0,13.8,18.6,12.6,9.9
JUL-1949,59.6,10.5,0.0,3.5,33.0,12.1,17.3,22.6,15.2,11.1
AUG-1949,60.4,10.4,0.0,3.1,54.0,12.1,17.3,22.5,14.9,12.9
SEP-1949,67.7,9.4,0.0,2.3,61.2,12.7,17.3,22.1,15.5,15.1
OCT-1949,71.7,8.2,1.1,1.2,72.1,7.9,12.0,16.1,11.7,16.3
NOV-1949,82.1,5.8,10.0,0.4,81.6,2.9,5.8,8.7,8.6,19.9
DEC-1949,86.8,4.8,9.9,0.5,79.9,3.1,5.4,7.8,7.9,20.8
JAN-1950,82.7,5.4,21.3,0.4,41.0,-1.3,1.4,4.1,6.1,16.2
FEB-1950,78.8,5.9,10.4,1.1,85.6,2.4,5.4,8.3,6.9,18.5
MAR-1950,71.4,8.0,10.9,1.4,24.9,2.7,6.6,10.6,7.8,12.0
APR-1950,75.6,8.2,8.8,1.7,72.5,3.4,7.5,11.6,8.5,17.3
MAY-1950,65.5,9.5,0.7,2.9,57.0,8.3,13.0,17.8,11.2,15.1
JUN-1950,58.5,10.5,0.0,3.9,54.1,11.6,16.9,22.2,13.5,14.2
JUL-1950,70.7,9.0,0.0,3.2,95.3,13.0,17.5,22.0,15.3,17.2
AUG-1950,61.9,10.2,0.0,3.0,91.5,12.6,17.7,22.8,15.8,16.8
SEP-1950,85.8,6.6,0.0,1.4,117.9,10.2,13.5,16.8,13.7,19.8
OCT-1950,78.6,7.1,3.7,0.8,36.0,6.0,9.5,13.0,10.6,12.3
NOV-1950,85.7,5.2,8.2,0.7,116.9,3.7,6.3,8.9,8.1,22.5
DEC-1950,90.5,4.2,22.0,0.1,78.4,-1.6,0.5,2.6,6.2,20.1
JAN-1951,91.1,4.1,13.5,0.7,82.4,1.7,3.7,5.8,6.4,22.2
FEB-1951,81.9,5.5,13.9,0.8,53.9,1.0,3.7,6.4,6.5,13.7
MAR-1951,77.2,7.2,17.4,1.1,82.1,0.2,3.8,7.4,6.5,20.3
APR-1951,63.7,9.6,11.5,1.9,64.6,2.3,7.1,11.9,8.0,14.9
MAY-1951,66.6,9.4,2.6,2.7,54.5,6.7,11.3,16.1,10.2,15.3
JUN-1951,66.2,9.6,0.0,3.2,56.2,9.8,14.6,19.4,12.7,12.9
JUL-1951,64.8,9.8,0.0,3.2,58.8,11.5,16.4,21.3,14.6,12.9
AUG-1951,69.0,9.1,0.0,2.6,107.1,12.2,16.7,21.3,15.4,17.0
SEP-1951,71.5,8.8,0.0,1.9,67.2,10.7,15.0,19.5,14.2,16.6
OCT-1951,62.1,9.7,8.2,0.8,17.5,3.8,8.6,13.5,10.4,7.3
NOV-1951,82.8,5.7,4.2,0.8,105.9,5.6,8.4,11.3,9.3,22.9
DEC-1951,84.8,5.1,10.6,0.3,63.2,2.8,5.3,7.9,8.2,18.2
JAN-1952,89.1,4.4,16.5,0.5,99.2,0.5,2.7,5.0,6.5,22.0
FEB-1952,83.7,5.2,17.2,0.5,46.6,-0.2,2.4,5.1,6.6,12.1
MAR-1952,75.4,7.4,15.9,1.2,63.0,0.8,4.5,8.2,6.8,18.3
APR-1952,49.8,11.3,6.1,2.7,21.7,4.6,10.2,15.9,8.8,10.5
MAY-1952,58.3,10.4,1.5,3.0,27.8,7.5,12.6,17.9,11.0,10.6
JUN-1952,63.5,9.9,0.1,3.3,48.2,9.6,14.5,19.5,12.2,12.7
JUL-1952,66.1,9.6,0.0,3.4,77.4,12.4,17.2,22.0,14.6,14.2
AUG-1952,69.3,9.1,0.0,2.8,94.9,12.7,17.2,21.8,15.3,16.9
SEP-1952,76.4,8.1,1.7,1.4,97.5,7.3,11.4,15.4,11.9,17.2
OCT-1952,79.5,6.9,5.8,0.8,75.1,4.8,8.3,11.8,9.8,18.3
NOV-1952,86.5,5.2,15.3,0.4,111.1,0.8,3.3,6.0,7.2,21.8
DEC-1952,89.3,4.3,18.3,0.2,89.4,-0.1,2.0,4.2,6.8,21.2
JAN-1953,91.5,4.0,18.7,0.3,22.6,-0.3,1.7,3.8,6.5,12.8
FEB-1953,80.2,5.7,18.3,0.6,58.7,-0.9,2.0,4.9,6.1,14.0
MAR-1953,60.8,9.4,16.0,1.3,14.4,0.7,5.4,10.1,7.4,9.8
APR-1953,60.2,10.0,8.3,2.2,47.5,3.6,8.6,13.6,8.4,14.0
MAY-1953,57.2,10.5,1.4,3.1,41.0,7.6,12.8,18.1,10.9,12.5
JUN-1953,73.5,8.6,0.0,2.9,81.4,11.1,15.4,19.7,14.1,16.4
JUL-1953,75.7,8.3,0.0,2.8,85.6,12.6,16.7,20.9,15.6,13.7
AUG-1953,64.5,9.7,0.0,2.7,84.9,11.7,16.6,21.5,15.3,16.4
SEP-1953,66.6,9.6,0.3,1.8,55.2,9.1,13.9,18.7,13.5,13.2
OCT-1953,77.0,7.3,1.1,1.0,14.0,7.8,11.5,15.2,11.9,9.3
NOV-1953,82.3,5.8,6.4,0.4,23.8,4.4,7.3,10.2,9.4,10.0
DEC-1953,87.1,4.7,9.4,0.5,40.9,3.3,5.6,8.0,7.9,15.2
JAN-1954,81.9,5.6,23.9,0.2,59.5,-2.8,0.0,2.8,6.0,19.0
FEB-1954,77.5,6.1,23.0,0.3,37.4,-4.2,-1.1,2.0,5.4,10.6
MAR-1954,76.6,7.2,12.5,1.3,44.0,2.0,5.6,9.2,7.1,14.9
APR-1954,62.7,9.8,13.5,1.7,19.5,1.5,6.4,11.3,7.8,10.6
MAY-1954,55.1,10.8,1.9,3.0,34.8,7.1,12.5,17.9,11.2,11.8
JUN-1954,72.7,8.7,0.0,2.9,68.1,10.5,14.8,19.2,13.3,13.2
JUL-1954,83.0,7.3,0.0,2.2,118.4,10.7,14.3,17.9,14.3,17.6
AUG-1954,77.1,7.9,0.0,2.3,116.5,11.8,15.8,19.8,15.0,19.2
SEP-1954,79.0,7.6,0.1,1.6,87.3,9.8,13.6,17.5,13.3,18.2
OCT-1954,82.8,6.3,0.8,1.2,83.9,8.3,11.4,14.6,11.2,19.8
NOV-1954,77.8,6.4,8.9,0.7,60.7,3.3,6.5,9.7,8.3,16.6
DEC-1954,86.2,4.9,8.9,0.6,72.4,3.4,5.8,8.3,7.9,20.3
JAN-1955,84.9,5.0,22.6,0.2,63.0,-2.0,0.6,3.1,6.0,18.7
FEB-1955,77.8,6.1,21.8,0.6,46.9,-3.0,0.1,3.1,5.2,13.7
MAR-1955,73.6,7.7,22.5,0.8,36.8,-1.9,1.9,5.8,6.2,14.2
APR-1955,65.7,9.4,10.3,2.0,23.3,2.8,7.5,12.2,7.9,10.7
MAY-1955,68.5,9.3,4.9,2.3,76.5,5.3,9.9,14.5,9.8,16.3
JUN-1955,67.7,9.5,0.2,3.0,56.0,9.2,13.9,18.6,12.2,13.9
JUL-1955,71.2,9.0,0.0,3.1,29.6,12.8,17.3,21.8,15.5,10.9
AUG-1955,63.1,10.0,0.0,3.0,50.1,12.7,17.7,22.7,15.9,12.6
SEP-1955,69.7,9.1,0.0,1.7,70.8,9.9,14.5,19.1,14.3,16.2
OCT-1955,75.5,7.6,4.3,0.8,90.2,5.6,9.4,13.2,10.6,18.1
NOV-1955,77.3,6.5,9.1,0.6,26.7,3.3,6.5,9.8,8.5,11.6
DEC-1955,83.9,5.2,11.6,0.7,78.4,2.4,5.0,7.6,7.0,21.2
JAN-1956,83.6,5.2,18.3,0.5,100.8,-0.2,2.5,5.1,6.2,22.8
FEB-1956,70.5,7.1,26.8,0.2,29.0,-7.8,-4.2,-0.7,4.6,9.0
MAR-1956,72.1,7.9,15.5,1.2,35.9,0.9,4.8,8.8,6.9,14.8
APR-1956,75.3,8.2,13.9,1.4,34.2,1.3,5.4,9.6,7.6,12.4
MAY-1956,54.3,11.0,2.6,3.1,42.7,6.6,12.1,17.6,10.5,11.0
JUN-1956,81.7,7.6,0.4,2.2,62.1,8.8,12.6,16.4,12.5,15.4
JUL-1956,76.7,8.1,0.0,2.8,98.0,12.3,16.4,20.4,15.1,17.0
AUG-1956,75.7,8.2,0.0,2.1,129.5,10.1,14.1,18.2,14.0,18.6
SEP-1956,70.9,8.8,0.0,1.9,60.1,10.0,14.4,18.9,13.5,14.6
OCT-1956,81.8,6.5,2.9,0.9,105.4,6.5,9.7,12.9,10.5,20.1
NOV-1956,81.8,5.9,12.1,0.5,47.7,2.0,4.9,7.9,7.8,15.8
DEC-1956,91.5,3.9,9.2,0.5,52.5,3.3,5.3,7.2,7.9,17.1
JAN-1957,84.8,4.9,15.3,0.6,46.2,1.0,3.4,5.9,6.7,17.0
FEB-1957,83.5,5.2,9.7,1.2,87.1,2.7,5.3,7.9,6.4,18.0
MAR-1957,71.2,8.0,7.7,1.7,56.0,4.0,7.9,12.0,7.8,18.2
APR-1957,60.0,10.1,9.6,2.0,13.6,3.0,8.1,13.1,8.4,8.4
MAY-1957,64.2,9.8,5.0,2.2,47.7,5.2,10.1,15.0,10.6,13.1
JUN-1957,52.9,11.4,0.0,3.8,37.5,10.3,15.9,21.7,13.2,12.0
JUL-1957,71.9,8.8,0.0,3.2,114.8,13.0,17.4,21.8,15.3,16.4
AUG-1957,74.9,8.2,0.0,2.2,120.0,11.5,15.6,19.7,15.2,17.8
SEP-1957,80.8,7.3,0.4,1.4,144.0,8.9,12.5,16.2,12.9,24.0
OCT-1957,75.9,7.4,2.2,1.0,59.0,6.9,10.6,14.3,11.1,14.7
NOV-1957,90.6,4.5,7.2,0.5,44.8,4.1,6.3,8.6,8.5,15.1
DEC-1957,85.6,4.9,16.0,0.3,48.5,0.7,3.1,5.6,7.2,17.4
JAN-1958,84.1,5.3,19.0,0.5,82.0,-0.4,2.3,4.9,6.2,22.2
FEB-1958,75.5,6.5,15.2,1.0,90.4,0.4,3.7,6.9,6.2,17.7
MAR-1958,77.5,7.1,21.8,0.6,28.4,-1.5,2.1,5.6,6.8,12.0
APR-1958,71.6,8.7,13.5,1.4,45.9,1.5,5.8,10.2,8.1,13.4
MAY-1958,69.7,9.1,1.3,2.8,68.8,7.7,12.2,16.8,10.6,16.6
JUN-1958,71.4,9.0,0.1,2.8,49.6,9.6,14.1,18.6,13.2,14.3
JUL-1958,73.1,8.6,0.0,2.9,84.0,12.2,16.5,20.8,15.3,17.1
AUG-1958,73.4,8.5,0.0,2.6,97.8,12.7,17.0,21.2,15.3,17.3
SEP-1958,71.3,8.8,0.0,2.0,77.8,11.1,15.5,19.9,14.3,15.6
OCT-1958,85.6,5.9,1.0,1.0,78.2,8.0,10.9,13.8,11.3,18.6
NOV-1958,89.6,4.7,8.8,0.4,29.8,3.4,5.7,8.1,8.6,13.3
DEC-1958,86.9,4.7,10.6,0.7,77.7,2.8,5.1,7.5,7.0,19.3
JAN-1959,83.0,5.5,19.4,0.7,94.1,-0.6,2.2,5.0,5.8,22.1
FEB-1959,76.5,6.2,20.1,0.3,6.4,-1.7,1.4,4.6,6.5,5.7
MAR-1959,68.9,8.4,9.8,1.6,49.3,3.1,7.3,11.5,7.7,16.2
APR-1959,65.8,9.4,5.5,2.4,53.9,4.9,9.6,14.3,8.5,14.5
MAY-1959,55.7,10.8,1.6,3.1,19.3,7.4,12.8,18.3,11.1,9.2
JUN-1959,55.9,11.0,0.0,3.6,41.5,10.1,15.6,21.2,13.2,10.9
JUL-1959,54.5,11.4,0.0,4.1,50.1,13.1,18.8,24.5,15.2,11.1
AUG-1959,60.7,10.4,0.0,3.2,41.2,12.7,17.9,23.1,15.3,12.4
SEP-1959,51.9,11.9,0.3,2.3,4.7,9.2,15.1,21.1,13.5,4.2
OCT-1959,60.4,10.1,3.8,1.1,67.8,5.9,10.9,16.0,11.5,15.6
NOV-1959,79.1,6.3,11.4,0.3,43.9,2.3,5.4,8.6,8.7,14.8
DEC-1959,89.6,4.3,11.3,0.5,67.2,2.5,4.6,6.8,7.3,18.1
JAN-1960,84.4,5.3,17.6,0.5,73.0,0.1,2.8,5.4,6.4,20.3
FEB-1960,79.3,5.8,17.0,0.8,40.3,-0.1,2.8,5.8,6.2,11.9
MAR-1960,76.1,7.4,12.8,1.2,24.4,1.9,5.6,9.3,7.4,12.1
APR-1960,68.5,9.1,8.3,1.9,29.1,3.6,8.1,12.7,8.6,12.5
MAY-1960,60.0,10.4,1.4,2.9,40.8,7.5,12.7,17.9,11.4,13.9
JUN-1960,65.2,9.8,0.0,3.3,48.4,10.8,15.6,20.6,13.7,11.8
JUL-1960,76.2,8.2,0.0,2.5,109.7,11.1,15.2,19.4,14.9,16.5
AUG-1960,76.0,8.1,0.0,2.3,122.5,11.8,15.9,20.0,15.1,20.3
SEP-1960,73.8,8.4,0.2,1.6,72.9,9.3,13.5,17.7,13.3,16.2
OCT-1960,85.4,5.9,1.5,0.9,118.9,7.5,10.4,13.4,11.1,22.3
NOV-1960,84.9,5.4,5.3,1.0,117.7,5.0,7.7,10.4,8.3,22.9
DEC-1960,93.7,3.6,12.9,0.5,93.8,1.9,3.7,5.5,6.8,21.5
JAN-1961,87.3,4.7,19.2,0.5,95.4,-0.5,1.9,4.3,6.1,21.9
FEB-1961,75.3,6.5,9.3,0.9,63.9,2.9,6.1,9.4,7.7,15.1
MAR-1961,67.4,8.5,9.6,1.5,34.3,3.2,7.4,11.7,8.0,13.6
APR-1961,74.1,8.4,3.3,2.0,54.5,6.1,10.3,14.5,10.0,16.7
MAY-1961,74.6,8.5,2.8,2.4,40.8,6.5,10.7,15.0,9.9,13.6
JUN-1961,63.5,10.0,0.0,3.4,60.7,10.3,15.2,20.3,13.0,13.3
JUL-1961,74.1,8.5,0.0,2.9,98.6,11.0,15.2,19.5,13.6,16.7
AUG-1961,69.9,9.0,0.0,2.6,87.2,11.4,15.9,20.4,14.2,16.2
SEP-1961,72.2,8.6,0.0,2.0,73.7,12.2,16.5,20.8,15.3,15.8
OCT-1961,76.6,7.3,0.9,1.3,105.6,8.1,11.7,15.4,11.1,18.3
NOV-1961,83.2,5.6,10.6,0.5,74.6,2.6,5.4,8.2,8.1,19.4
DEC-1961,81.6,5.6,20.2,0.2,104.4,-0.9,1.9,4.8,6.6,22.1
JAN-1962,84.8,5.0,14.2,0.6,80.6,1.4,3.9,6.4,6.7,21.4
FEB-1962,80.6,5.7,16.3,0.8,51.7,-0.1,2.8,5.6,6.1,14.1
MAR-1962,80.0,6.7,21.3,1.0,44.9,-1.3,2.1,5.4,5.8,16.8
APR-1962,75.4,8.2,8.0,1.9,65.0,3.7,7.8,11.9,8.0,16.0
MAY-1962,79.7,7.9,4.1,2.0,61.2,5.7,9.6,13.6,10.1,16.9
JUN-1962,65.8,9.7,0.4,3.1,20.9,8.7,13.5,18.3,11.8,8.4
JUL-1962,78.0,7.9,0.0,2.6,85.2,10.6,14.6,18.6,13.3,16.8
AUG-1962,72.3,8.5,0.0,2.5,79.8,11.1,15.3,19.6,13.8,15.4
SEP-1962,71.3,8.8,0.6,1.7,72.8,8.6,13.0,17.4,12.5,15.5
OCT-1962,74.4,7.7,2.4,1.0,52.6,6.8,10.6,14.5,11.0,12.2
NOV-1962,87.3,5.0,11.8,0.3,41.0,2.1,4.6,7.1,8.0,14.5
DEC-1962,81.6,5.6,23.9,0.3,85.6,-2.8,0.0,2.8,5.6,20.2
JAN-1963,82.8,5.7,28.7,0.1,20.8,-7.9,-5.0,-2.2,4.2,12.3
FEB-1963,77.4,6.1,25.1,0.3,14.9,-6.6,-3.5,-0.5,4.4,8.7
MAR-1963,75.5,7.5,17.3,0.8,56.1,0.2,4.0,7.7,7.5,17.0
APR-1963,71.2,8.8,7.8,1.8,44.9,3.8,8.2,12.6,8.9,14.2
MAY-1963,70.2,9.0,2.6,2.6,63.0,6.6,11.1,15.7,10.2,14.9
JUN-1963,70.9,9.0,0.0,3.0,75.8,10.6,15.1,19.7,13.6,15.1
JUL-1963,67.1,9.5,0.0,3.3,51.8,11.9,16.6,21.4,14.4,11.7
AUG-1963,73.0,8.5,0.0,2.6,124.5,11.5,15.7,20.0,14.1,20.8
SEP-1963,75.8,8.1,0.1,1.7,68.9,9.9,13.9,17.9,13.2,15.8
OCT-1963,75.8,7.4,4.0,0.8,59.4,5.8,9.5,13.2,10.6,16.0
NOV-1963,82.3,5.8,3.8,0.8,94.9,5.8,8.7,11.6,9.5,21.0
DEC-1963,85.8,4.9,23.9,0.0,17.2,-2.8,-0.3,2.2,6.1,10.1
JAN-1964,87.0,4.8,22.4,0.3,21.2,-1.8,0.6,3.0,5.8,11.8
FEB-1964,79.4,5.8,16.6,0.6,26.6,0.1,3.0,5.9,6.7,11.1
MAR-1964,87.3,5.8,19.7,0.7,41.5,-0.7,2.2,5.2,6.5,15.4
APR-1964,75.4,8.2,6.9,1.8,50.0,4.2,8.3,12.5,8.9,14.6
MAY-1964,58.3,10.6,0.7,2.9,39.4,8.3,13.5,18.8,12.3,13.3
JUN-1964,61.3,10.3,0.0,3.4,76.0,10.4,15.5,20.7,13.4,14.9
JUL-1964,63.6,10.0,0.0,3.2,51.5,12.0,17.0,22.0,15.5,11.6
AUG-1964,64.9,9.8,0.0,2.7,74.2,11.4,16.2,21.1,15.0,14.6
SEP-1964,65.3,9.8,0.1,2.0,65.4,9.5,14.4,19.3,13.3,14.0
OCT-1964,76.8,7.4,6.4,0.9,97.3,4.6,8.2,11.9,9.4,18.0
NOV-1964,85.6,5.2,7.5,0.5,56.8,4.0,6.5,9.2,8.7,16.1
DEC-1964,86.3,4.8,16.2,0.4,83.5,0.7,3.0,5.5,6.7,20.2
JAN-1965,89.3,4.4,15.3,0.7,88.7,1.0,3.2,5.4,6.1,22.9
FEB-1965,85.4,4.9,18.1,0.6,22.3,-0.8,1.6,4.1,5.9,11.7
MAR-1965,74.2,7.6,17.0,1.0,48.0,0.3,4.1,8.0,7.1,15.7
APR-1965,74.2,8.3,9.7,1.6,78.7,3.0,7.2,11.4,8.4,19.3
MAY-1965,73.1,8.7,2.1,2.3,78.8,7.0,11.3,15.7,11.2,17.5
JUN-1965,71.9,8.9,0.0,2.8,73.9,10.2,14.6,19.1,13.6,14.5
JUL-1965,81.2,7.4,0.0,2.5,140.9,10.9,14.6,18.3,13.9,20.7
AUG-1965,67.1,9.4,0.0,2.4,75.6,10.6,15.3,20.0,14.6,15.2
SEP-1965,72.6,8.6,0.4,1.7,76.6,8.9,13.2,17.6,12.7,16.0
OCT-1965,67.5,8.8,4.4,0.9,23.4,5.6,10.0,14.4,11.1,10.1
NOV-1965,81.5,5.9,17.2,0.2,80.8,0.0,3.0,5.9,7.3,21.0
DEC-1965,87.7,4.6,11.2,0.7,164.4,2.5,4.8,7.1,7.0,27.2
JAN-1966,88.4,4.5,22.9,0.2,48.6,-2.2,0.1,2.4,6.0,17.9
FEB-1966,81.0,5.6,13.0,0.6,76.7,1.3,4.1,7.0,7.4,16.2
MAR-1966,80.8,6.6,13.0,1.2,60.2,1.9,5.2,8.5,7.2,17.9
APR-1966,79.3,7.7,7.2,1.7,72.7,4.1,7.9,11.8,8.7,16.6
MAY-1966,63.2,9.9,1.1,3.0,39.5,7.8,12.7,17.7,10.9,12.7
JUN-1966,69.3,9.2,0.0,3.2,104.6,11.7,16.3,20.9,14.4,16.9
JUL-1966,76.8,8.1,0.0,2.7,114.8,11.4,15.4,19.5,14.3,18.8
AUG-1966,68.9,9.2,0.0,2.6,77.6,11.2,15.8,20.4,14.6,16.4
SEP-1966,71.9,8.7,0.1,1.7,47.5,9.6,13.9,18.3,13.5,12.3
OCT-1966,82.7,6.4,0.7,1.0,79.9,8.4,11.6,14.8,11.8,19.2
NOV-1966,86.6,5.1,12.1,0.4,108.6,2.0,4.5,7.1,7.7,22.4
DEC-1966,85.4,5.0,12.2,0.6,157.2,2.1,4.6,7.1,7.2,27.6
JAN-1967,88.3,4.5,15.1,0.6,51.9,1.1,3.3,5.6,6.6,18.2
FEB-1967,79.1,5.8,11.3,1.0,60.3,2.0,4.9,7.9,6.9,14.2
MAR-1967,79.2,6.9,8.8,1.5,54.3,3.5,6.9,10.3,7.6,17.0
APR-1967,70.5,8.8,10.8,1.7,49.3,2.5,6.9,11.4,8.1,14.2
MAY-1967,64.2,9.8,1.5,2.8,72.1,7.4,12.3,17.2,11.0,17.1
JUN-1967,71.4,8.9,0.0,2.8,32.9,9.7,14.2,18.7,13.0,10.8
JUL-1967,63.1,10.0,0.0,3.5,40.2,13.0,18.0,23.0,16.1,11.5
AUG-1967,68.3,9.2,0.0,2.7,72.4,12.1,16.7,21.3,15.2,15.0
SEP-1967,76.5,8.0,0.0,1.7,77.0,10.5,14.4,18.4,13.9,18.3
OCT-1967,80.2,6.7,0.5,1.4,116.4,8.6,11.9,15.3,10.9,19.9
NOV-1967,80.0,6.1,10.7,0.6,87.1,2.6,5.6,8.7,7.9,18.8
DEC-1967,87.3,4.7,14.5,0.5,101.2,1.3,3.6,5.9,6.8,23.2
JAN-1968,84.0,5.3,20.1,0.3,73.3,-0.8,1.9,4.5,6.5,21.2
FEB-1968,86.7,4.7,17.9,0.8,33.9,-0.5,1.9,4.3,5.6,11.3
MAR-1968,75.6,7.4,11.8,1.4,42.2,2.3,5.9,9.7,7.3,15.9
APR-1968,56.5,10.6,7.9,2.4,28.5,3.8,9.1,14.4,8.5,10.8
MAY-1968,73.0,8.7,3.1,2.3,72.9,6.3,10.6,15.0,10.3,16.3
JUN-1968,69.7,9.1,0.0,3.0,79.9,10.6,15.2,19.8,14.0,16.5
JUL-1968,71.5,8.8,0.0,3.0,97.6,11.6,16.0,20.4,14.1,16.0
AUG-1968,75.8,8.2,0.0,2.5,96.5,12.8,16.9,21.0,15.5,17.3
SEP-1968,80.6,7.2,0.0,1.6,134.8,10.8,14.4,18.1,14.1,22.0
OCT-1968,82.2,6.4,0.6,0.8,81.8,8.5,11.7,14.9,12.5,17.5
NOV-1968,89.3,4.6,9.3,0.4,47.6,3.2,5.5,7.8,8.5,16.4
DEC-1968,88.5,4.4,22.1,0.1,40.4,-1.7,0.5,2.8,6.4,14.2
JAN-1969,89.2,4.4,13.7,0.4,47.0,1.6,3.8,6.0,7.4,17.4
FEB-1969,83.3,5.2,21.2,0.7,58.1,-2.5,0.1,2.7,5.1,14.9
MAR-1969,83.7,6.2,20.4,0.8,54.0,-1.0,2.1,5.3,6.3,15.6
APR-1969,66.1,9.3,10.6,2.0,61.2,2.6,7.3,12.0,7.8,15.9
MAY-1969,71.3,8.9,1.0,2.6,79.0,7.9,12.3,16.8,11.3,17.8
JUN-1969,71.0,9.0,0.0,3.1,55.1,10.3,14.7,19.2,12.8,13.9
JUL-1969,69.6,9.1,0.0,3.3,53.7,13.5,18.0,22.5,16.0,12.5
AUG-1969,70.6,8.9,0.0,2.7,135.7,13.0,17.4,21.8,15.9,18.4
SEP-1969,70.9,8.9,0.0,1.9,14.8,10.3,14.7,19.2,14.0,8.0
OCT-1969,70.6,8.4,1.0,1.0,24.7,8.0,12.2,16.4,12.8,10.3
NOV-1969,80.6,6.0,7.7,1.0,102.7,3.9,6.9,9.9,7.7,21.3
DEC-1969,89.8,4.3,24.5,0.0,41.9,-3.3,-1.1,1.0,6.4,15.8
JAN-1970,88.2,4.6,22.5,0.0,44.4,-2.0,0.3,2.6,6.6,17.5
FEB-1970,79.3,5.8,20.4,0.6,92.4,-1.9,1.0,4.0,5.7,18.2
MAR-1970,82.9,6.4,18.3,1.0,60.4,-0.2,3.0,6.2,6.3,19.0
APR-1970,86.3,6.8,11.7,1.3,82.9,2.2,5.6,9.0,7.7,19.8
MAY-1970,68.0,9.3,1.5,2.6,27.4,7.5,12.1,16.8,11.4,11.4
JUN-1970,59.7,10.5,0.0,3.7,30.7,11.6,16.8,22.1,14.2,10.1
JUL-1970,74.3,8.4,0.0,2.8,113.7,11.5,15.7,19.9,14.4,18.4
AUG-1970,65.7,9.7,0.0,2.7,46.3,12.1,16.9,21.8,15.6,12.1
SEP-1970,71.1,8.8,0.1,1.8,84.1,9.9,14.2,18.6,13.6,16.8
OCT-1970,81.3,6.5,1.6,1.1,91.4,7.4,10.6,13.9,10.7,19.3
NOV-1970,81.9,5.8,5.7,0.9,91.8,4.8,7.7,10.6,8.6,20.9
DEC-1970,87.6,4.6,15.2,0.4,47.5,1.0,3.3,5.7,6.9,16.8
JAN-1971,84.3,5.1,18.9,0.6,61.3,-0.4,2.2,4.7,6.0,18.5
FEB-1971,82.5,5.4,13.2,0.9,35.7,1.2,3.9,6.6,6.5,11.4
MAR-1971,74.0,6.7,18.9,1.0,37.4,-0.4,3.0,6.4,6.4,15.9
APR-1971,61.4,8.8,8.7,2.0,21.0,3.5,7.8,12.3,8.1,9.4
MAY-1971,66.0,10.3,0.6,3.1,51.7,8.4,13.6,18.7,11.3,14.5
JUN-1971,76.5,8.1,0.1,2.7,90.2,9.6,13.6,17.6,12.4,17.0
JUL-1971,53.7,9.9,0.0,3.6,36.4,12.6,17.6,22.6,15.8,10.9
AUG-1971,66.0,8.9,0.0,2.9,64.4,13.0,17.4,21.9,15.5,15.3
SEP-1971,61.6,9.5,0.4,2.1,29.2,8.8,13.5,18.3,11.9,10.9
OCT-1971,65.8,8.5,3.0,1.2,38.4,6.4,10.7,14.9,10.4,11.6
NOV-1971,80.1,5.9,9.9,0.6,84.7,2.9,5.8,8.8,8.1,20.6
DEC-1971,83.8,4.3,7.8,0.5,29.0,3.9,6.1,8.2,8.3,14.1
JAN-1972,80.3,4.3,22.3,0.4,31.6,-1.8,0.4,2.5,5.5,15.6
FEB-1972,76.4,5.5,14.6,0.7,28.7,0.9,3.6,6.4,6.9,10.7
MAR-1972,64.8,9.2,12.8,1.7,42.6,1.9,6.5,11.1,7.1,15.8
APR-1972,75.5,7.4,7.8,1.7,56.6,3.8,7.5,11.2,8.4,16.5
MAY-1972,77.3,8.5,1.8,2.3,83.3,7.2,11.4,15.7,10.9,18.1
JUN-1972,72.9,8.6,0.2,2.8,68.1,9.2,13.5,17.9,12.2,16.4
JUL-1972,68.6,8.2,0.0,2.9,88.4,13.2,17.2,21.4,16.5,14.8
AUG-1972,68.4,8.9,0.0,2.6,71.2,11.4,15.8,20.3,14.5,14.0
SEP-1972,63.8,8.4,1.3,1.8,49.0,7.7,11.8,16.0,11.3,14.0
OCT-1972,65.5,8.6,6.5,1.2,25.9,4.6,8.9,13.2,9.1,10.7
NOV-1972,81.4,5.2,8.0,0.6,91.3,3.7,6.3,8.9,8.4,19.3
DEC-1972,83.1,4.9,13.6,0.5,23.7,1.6,4.1,6.6,6.9,12.6
JAN-1973,84.7,4.3,15.7,0.4,28.6,0.8,3.0,5.2,6.7,13.6
FEB-1973,78.9,5.4,14.8,0.6,67.6,0.6,3.2,6.0,6.8,14.7
MAR-1973,64.6,8.1,13.3,1.3,20.1,1.7,5.8,9.8,7.3,11.5
APR-1973,74.0,8.0,12.5,1.6,63.6,1.9,5.9,9.9,7.5,17.5
MAY-1973,74.0,9.2,1.7,2.5,65.7,7.3,11.9,16.6,11.0,16.0
JUN-1973,62.1,10.2,0.0,3.4,30.4,10.5,15.6,20.7,13.5,8.9
JUL-1973,70.9,8.4,0.0,3.1,88.4,12.9,17.0,21.2,15.3,15.8
AUG-1973,60.8,10.7,0.0,3.2,38.8,12.3,17.7,23.1,15.2,11.0
SEP-1973,65.3,8.7,0.0,1.9,78.0,10.4,14.7,19.1,13.9,16.4
OCT-1973,68.7,7.4,5.0,0.9,84.9,5.2,8.9,12.6,9.9,18.1
NOV-1973,78.8,6.2,11.2,0.6,80.3,2.4,5.5,8.6,7.8,18.1
DEC-1973,78.4,4.7,15.5,0.3,71.7,0.9,3.3,5.7,6.9,20.6
JAN-1974,84.4,4.8,9.9,0.6,64.3,3.1,5.5,7.9,7.7,20.0
FEB-1974,74.7,5.8,11.2,0.8,42.3,2.1,5.0,7.9,7.2,13.2
MAR-1974,77.6,7.0,11.0,1.2,48.7,2.6,6.1,9.6,7.8,15.6
APR-1974,52.6,9.9,8.0,2.4,11.4,3.7,8.7,13.7,8.1,7.5
MAY-1974,68.6,9.4,2.8,2.4,36.3,6.5,11.1,15.9,10.7,12.3
JUN-1974,69.6,9.3,0.1,2.9,61.7,9.4,14.1,18.7,13.0,15.3
JUL-1974,78.0,7.9,0.0,2.6,81.9,11.1,15.0,19.0,14.1,15.6
AUG-1974,61.0,9.7,0.0,2.9,62.3,11.9,16.7,21.6,15.1,15.4
SEP-1974,75.2,7.7,0.1,1.7,127.7,9.4,13.2,17.1,12.6,19.8
OCT-1974,81.8,6.0,7.2,0.9,143.3,4.2,7.2,10.2,8.7,23.6
NOV-1974,85.0,5.3,7.1,0.7,107.5,4.1,6.7,9.4,8.4,21.5
DEC-1974,85.6,4.2,4.9,0.5,108.0,5.3,7.3,9.5,9.0,22.8
JAN-1975,81.9,4.9,7.0,0.6,93.1,4.3,6.7,9.1,8.4,21.6
FEB-1975,69.8,6.9,16.6,0.9,19.8,-0.2,3.3,6.8,6.2,8.8
MAR-1975,79.7,5.7,12.8,1.0,72.0,1.9,4.8,7.6,7.4,21.5
APR-1975,75.5,7.7,9.5,1.5,57.7,3.1,6.9,10.7,8.5,15.8
MAY-1975,73.8,8.8,2.7,2.5,35.5,6.5,10.9,15.3,9.9,13.1
JUN-1975,64.8,9.6,0.1,3.3,51.5,9.6,14.4,19.2,12.3,12.0
JUL-1975,63.6,9.4,0.0,3.4,58.9,13.0,17.7,22.5,15.8,14.7
AUG-1975,46.8,11.1,0.0,3.7,38.5,13.9,19.5,25.1,16.7,11.2
SEP-1975,71.3,8.8,0.0,2.3,85.5,11.0,15.4,19.8,13.0,17.1
OCT-1975,80.9,6.6,4.6,0.9,24.2,5.4,8.7,12.1,9.9,11.0
NOV-1975,79.1,5.6,10.8,0.5,97.3,2.6,5.3,8.2,8.0,20.3
DEC-1975,88.4,4.4,12.4,0.6,43.1,2.1,4.3,6.5,7.0,15.0
JAN-1976,81.7,4.8,14.2,0.5,94.9,1.4,3.8,6.2,7.0,23.1
FEB-1976,76.0,5.3,17.5,0.5,26.8,-0.3,2.4,5.0,6.6,10.4
MAR-1976,65.9,7.1,19.4,1.2,25.3,-0.6,3.0,6.6,5.9,11.6
APR-1976,54.2,9.6,11.4,2.2,8.2,2.3,7.1,12.0,7.3,6.7
MAY-1976,65.8,10.5,1.5,3.1,35.7,7.5,12.7,18.0,10.5,12.2
JUN-1976,53.2,11.1,0.0,4.1,27.4,11.5,17.0,22.6,13.4,8.7
JUL-1976,55.7,10.6,0.0,4.2,44.2,13.8,19.1,24.4,14.8,11.9
AUG-1976,50.5,11.0,0.0,3.5,23.9,11.9,17.4,22.9,14.0,8.9
SEP-1976,74.4,7.9,0.1,1.8,70.9,9.8,13.7,17.7,12.9,16.9
OCT-1976,78.3,6.2,1.3,0.9,49.6,7.7,10.8,13.9,11.3,16.8
NOV-1976,84.8,5.0,6.6,0.6,73.0,4.4,6.8,9.4,8.6,19.1
DEC-1976,79.0,4.7,19.3,0.5,69.7,-0.5,1.9,4.2,5.9,17.7
JAN-1977,85.0,4.4,16.7,0.4,73.4,0.5,2.7,4.9,6.6,20.7
FEB-1977,79.3,5.4,11.5,0.7,76.5,1.9,4.6,7.4,7.4,17.4
MAR-1977,73.9,7.0,8.6,1.3,44.8,3.6,7.1,10.6,8.2,16.1
APR-1977,75.7,8.2,12.1,1.6,64.6,2.1,6.1,10.2,7.6,17.3
MAY-1977,65.6,9.4,2.4,2.8,46.3,6.8,11.5,16.2,9.8,13.0
JUN-1977,81.9,7.9,0.0,2.6,50.5,10.2,14.2,18.1,12.9,14.4
JUL-1977,75.1,8.3,0.0,2.9,50.7,12.1,16.2,20.4,14.5,12.4
AUG-1977,75.2,8.1,0.0,2.3,78.5,11.9,15.9,20.0,15.3,15.5
SEP-1977,68.5,8.3,0.4,1.7,24.0,8.8,12.9,17.1,12.4,11.7
OCT-1977,71.1,7.5,1.2,1.0,48.8,7.8,11.5,15.3,11.9,14.0
NOV-1977,81.4,5.1,6.5,0.6,136.2,4.4,6.9,9.5,8.6,24.4
DEC-1977,82.7,4.4,10.5,0.3,51.7,2.8,5.0,7.2,7.9,17.1
JAN-1978,86.0,4.5,15.3,0.6,68.5,1.0,3.2,5.4,6.5,19.1
FEB-1978,78.0,5.4,20.3,0.4,28.5,-1.9,0.8,3.6,5.9,11.0
MAR-1978,82.5,6.5,9.9,1.1,79.6,3.0,6.3,9.5,8.2,21.2
APR-1978,66.4,8.1,10.7,1.8,28.3,2.6,6.6,10.7,7.6,11.3
MAY-1978,73.4,8.6,1.6,2.5,33.4,7.5,11.7,16.0,10.9,11.8
JUN-1978,73.0,8.6,0.0,3.0,72.4,10.1,14.3,18.7,12.5,15.0
JUL-1978,73.4,8.1,0.0,2.8,69.0,11.1,15.1,19.2,13.7,15.1
AUG-1978,70.6,8.4,0.0,2.6,52.5,11.2,15.4,19.6,13.8,14.7
SEP-1978,78.2,7.5,0.1,1.6,87.7,9.5,13.2,17.0,12.9,17.7
OCT-1978,73.8,7.0,1.5,1.1,27.8,7.5,11.0,14.5,11.1,11.3
NOV-1978,80.2,5.7,7.6,0.6,39.8,3.9,6.7,9.6,8.7,12.4
DEC-1978,79.9,4.7,18.1,0.3,98.4,-0.1,2.3,4.6,6.4,23.4
JAN-1979,81.4,5.0,26.3,0.5,56.6,-5.1,-2.5,-0.0,4.1,18.4
FEB-1979,84.1,4.9,22.1,0.6,46.8,-3.3,-0.8,1.7,4.9,12.1
MAR-1979,80.0,6.2,14.2,1.0,96.2,1.4,4.5,7.6,7.1,22.0
APR-1979,74.7,7.8,9.3,1.7,63.4,3.2,7.1,11.0,7.9,16.8
MAY-1979,72.5,9.5,2.2,2.5,90.3,6.9,11.6,16.3,10.8,17.4
JUN-1979,72.8,8.5,0.0,2.9,72.8,10.7,14.9,19.2,13.5,14.4
JUL-1979,76.6,8.1,0.0,2.7,48.2,11.3,15.3,19.4,14.2,11.6
AUG-1979,73.2,8.8,0.0,2.4,68.9,11.2,15.5,20.0,14.5,15.3
SEP-1979,63.3,9.3,0.2,1.9,34.0,9.2,13.8,18.5,13.1,10.8
OCT-1979,72.1,7.5,2.7,1.0,46.0,6.7,10.4,14.1,10.9,13.1
NOV-1979,80.8,6.0,10.0,0.6,98.6,2.9,5.9,8.9,8.2,20.4
DEC-1979,83.7,4.2,7.8,0.5,135.5,3.9,6.0,8.1,8.2,24.8
JAN-1980,77.9,4.7,23.1,0.3,52.7,-2.3,0.1,2.5,5.5,18.6
FEB-1980,77.2,5.7,13.2,0.6,51.8,1.4,4.3,7.2,7.4,13.8
MAR-1980,78.9,6.3,13.8,1.0,64.4,1.5,4.6,7.8,7.3,17.5
APR-1980,64.3,8.6,9.9,1.9,37.2,2.9,7.2,11.6,7.9,14.3
MAY-1980,60.0,10.4,3.6,3.1,19.6,6.0,11.2,16.4,9.0,8.1
JUN-1980,76.3,8.6,0.0,2.7,94.1,10.0,14.3,18.6,13.1,18.3
JUL-1980,76.8,7.3,0.0,2.5,144.3,11.6,15.2,18.8,14.7,20.5
AUG-1980,73.1,8.6,0.0,2.5,80.3,12.4,16.7,21.1,15.8,14.6
SEP-1980,62.4,8.6,0.0,1.9,38.5,10.7,14.9,19.3,14.4,14.9
OCT-1980,74.1,7.4,4.2,1.1,89.7,5.7,9.3,13.1,9.8,18.9
NOV-1980,78.2,5.0,11.0,0.5,81.8,2.5,5.0,7.5,7.7,19.4
DEC-1980,80.0,5.0,14.5,0.4,89.6,1.3,3.8,6.3,7.2,21.1
JAN-1981,80.0,5.0,18.6,0.3,97.0,-0.3,2.2,4.8,6.5,24.3
FEB-1981,74.9,5.4,18.6,0.6,36.0,-1.0,1.7,4.4,5.9,12.5
MAR-1981,87.0,6.3,6.0,1.1,125.5,4.7,7.9,11.1,9.3,25.8
APR-1981,64.7,8.4,8.1,2.0,24.1,3.7,7.9,12.1,8.2,11.2
MAY-1981,73.5,9.6,0.7,2.6,71.7,8.3,13.1,17.9,12.0,17.6
JUN-1981,82.2,7.6,0.0,2.6,68.9,10.4,14.1,18.0,13.0,15.9
JUL-1981,75.8,7.8,0.0,2.7,66.8,12.2,16.1,20.0,15.2,17.1
AUG-1981,68.2,8.8,0.0,2.6,42.7,12.2,16.6,21.0,15.4,11.3
SEP-1981,64.8,8.9,0.0,2.0,61.3,10.3,14.7,19.2,13.6,16.7
OCT-1981,77.4,6.5,4.2,1.0,146.4,5.7,8.9,12.2,9.7,23.4
NOV-1981,79.2,5.9,7.8,0.6,82.3,3.8,6.7,9.7,8.6,20.3
DEC-1981,84.5,4.8,23.3,0.3,74.4,-2.4,0.0,2.5,5.5,20.5
JAN-1982,78.2,6.0,23.3,0.3,61.3,-2.4,0.6,3.6,5.9,19.1
FEB-1982,72.6,6.0,17.4,0.7,18.5,-0.5,2.5,5.6,6.2,10.5
MAR-1982,67.8,7.6,13.3,1.3,59.1,1.7,5.5,9.3,7.3,18.0
APR-1982,61.0,9.4,10.8,2.0,30.9,2.6,7.2,11.9,7.8,11.0
MAY-1982,64.0,10.1,1.7,2.9,47.4,7.3,12.3,17.3,10.7,14.3
JUN-1982,68.6,8.7,0.0,3.1,97.6,11.6,15.9,20.3,14.5,17.2
JUL-1982,58.0,9.3,0.0,3.7,28.4,13.9,18.5,23.1,15.9,9.1
AUG-1982,68.3,9.0,0.0,2.8,77.6,12.9,17.4,22.0,15.5,14.6
SEP-1982,59.1,9.7,0.0,2.2,41.2,11.1,16.0,20.9,14.6,12.4
OCT-1982,75.9,6.3,1.1,0.9,113.7,7.9,11.0,14.2,11.5,21.7
NOV-1982,78.6,5.2,4.5,0.6,68.2,5.4,8.0,10.7,9.4,17.6
DEC-1982,79.4,4.8,13.1,0.5,79.5,1.8,4.2,6.7,7.1,18.8
JAN-1983,83.8,5.1,8.4,0.7,92.3,3.7,6.2,8.7,7.9,22.4
FEB-1983,70.3,5.6,20.7,0.7,40.0,-2.1,0.7,3.5,5.2,12.6
MAR-1983,78.6,6.8,11.6,1.1,76.2,2.4,5.8,9.2,7.7,19.7
APR-1983,76.8,8.3,6.8,1.8,79.4,4.3,8.4,12.5,8.8,18.9
MAY-1983,86.9,7.2,1.7,2.0,115.6,7.3,10.9,14.5,10.7,20.8
JUN-1983,65.4,9.5,0.0,3.4,50.3,10.9,15.7,20.4,13.2,11.4
JUL-1983,53.0,10.5,0.0,4.1,19.5,14.3,19.6,24.8,16.8,7.6
AUG-1983,50.0,10.3,0.0,3.4,21.9,13.1,18.3,23.4,15.9,7.7
SEP-1983,72.4,7.8,0.0,1.9,106.3,10.3,14.2,18.1,13.1,18.0
OCT-1983,70.2,7.4,2.1,1.2,65.6,7.0,10.6,14.3,10.5,15.7
NOV-1983,75.4,6.7,10.0,0.5,69.1,2.9,6.2,9.6,8.5,17.7
DEC-1983,78.0,5.0,14.2,0.4,59.8,1.4,3.9,6.4,7.1,19.6
JAN-1984,81.5,4.8,14.8,0.6,124.1,1.2,3.6,6.0,6.5,25.4
FEB-1984,74.5,5.0,17.8,0.6,58.2,-0.4,2.1,4.6,6.1,14.4
MAR-1984,64.2,7.0,16.7,1.2,50.9,0.5,3.9,7.5,6.5,15.2
APR-1984,56.2,10.0,10.8,2.3,17.5,2.5,7.5,12.5,7.2,9.1
MAY-1984,84.3,7.6,2.5,2.1,86.3,6.7,10.5,14.3,10.3,17.2
JUN-1984,76.5,7.8,0.1,2.6,62.4,9.3,13.1,17.1,12.2,13.7
JUL-1984,72.9,8.1,0.0,2.9,60.7,11.5,15.6,19.7,14.2,13.7
AUG-1984,58.8,10.0,0.0,3.1,21.9,12.7,17.7,22.7,15.7,8.9
SEP-1984,81.9,6.9,0.1,1.4,138.2,9.8,13.2,16.7,13.4,22.4
OCT-1984,75.4,6.8,0.8,1.0,99.5,8.1,11.5,14.9,11.8,19.8
NOV-1984,79.7,5.6,5.4,0.7,68.1,5.0,7.8,10.6,9.2,18.5
DEC-1984,83.1,4.6,12.3,0.4,46.1,2.1,4.4,6.7,7.6,16.8
JAN-1985,78.5,5.8,27.1,0.3,68.2,-5.8,-2.9,0.0,4.4,18.9
FEB-1985,71.3,6.4,22.8,0.6,7.6,-4.0,-0.8,2.4,4.8,5.9
MAR-1985,82.0,6.1,15.2,0.9,56.5,1.0,4.1,7.1,7.2,18.4
APR-1985,75.2,7.9,7.3,1.7,58.5,4.0,7.9,11.9,8.8,16.0
MAY-1985,73.2,8.8,0.5,2.5,46.0,8.5,12.9,17.3,11.9,13.1
JUN-1985,77.4,8.0,0.2,2.6,123.0,9.2,13.2,17.2,12.4,19.3
JUL-1985,65.4,8.9,0.0,3.2,82.5,12.5,17.0,21.4,15.2,16.0
AUG-1985,68.7,8.9,0.0,2.6,92.2,11.6,16.0,20.5,14.5,17.6
SEP-1985,68.1,8.5,0.0,1.8,45.2,9.9,14.1,18.4,13.5,14.3
OCT-1985,69.8,7.3,2.3,1.1,30.0,6.8,10.5,14.2,10.8,10.2
NOV-1985,81.5,5.4,17.0,0.5,82.6,0.1,2.8,5.6,6.5,19.9
DEC-1985,83.2,4.2,7.8,0.4,78.8,4.0,6.1,8.2,8.5,22.0
JAN-1986,81.1,4.8,18.0,0.5,99.5,-0.0,2.4,4.8,6.2,24.9
FEB-1986,67.4,5.9,25.2,0.8,4.3,-6.9,-3.9,-1.0,3.3,5.6
MAR-1986,73.2,7.3,16.7,1.1,74.3,0.5,4.1,7.7,6.9,20.2
APR-1986,77.5,7.6,11.8,1.5,45.7,2.2,6.0,9.8,7.6,14.7
MAY-1986,68.3,10.0,0.8,2.9,48.0,8.1,13.1,18.1,11.1,14.6
JUN-1986,59.6,9.8,0.0,3.4,66.1,10.7,15.6,20.5,13.5,13.5
JUL-1986,71.5,9.2,0.0,3.2,50.1,12.2,16.8,21.5,14.6,13.0
AUG-1986,70.5,9.1,0.0,2.8,73.6,11.3,15.8,20.4,13.3,15.0
SEP-1986,70.0,8.7,1.7,1.8,48.1,7.3,11.6,16.0,11.1,13.9
OCT-1986,71.0,7.9,1.7,1.1,98.2,7.3,11.2,15.2,11.3,18.2
NOV-1986,79.8,6.0,5.2,0.7,70.3,5.1,8.0,11.0,9.3,18.6
DEC-1986,80.7,5.2,11.5,0.5,109.7,2.4,5.0,7.6,7.7,23.8
JAN-1987,83.5,5.0,26.8,0.3,42.5,-5.6,-3.1,-0.6,4.3,14.9
FEB-1987,81.7,5.5,18.6,0.6,36.0,-1.0,1.8,4.5,6.1,13.1
MAR-1987,68.7,6.8,22.0,0.9,74.6,-1.7,1.7,5.1,5.9,18.9
APR-1987,68.0,9.6,5.3,2.2,28.8,5.0,9.8,14.6,9.2,11.6
MAY-1987,80.0,8.5,4.5,2.2,73.2,5.5,9.7,13.9,9.7,18.2
JUN-1987,84.8,7.6,0.1,2.3,90.7,9.4,13.2,17.0,13.0,22.5
JUL-1987,71.7,8.3,0.0,3.0,121.0,12.3,16.5,20.7,14.8,19.4
AUG-1987,77.6,8.0,0.0,2.3,75.3,11.9,15.8,19.9,15.2,18.3
SEP-1987,74.8,8.2,0.0,1.8,75.1,10.5,14.6,18.7,13.9,17.6
OCT-1987,73.7,7.3,2.0,1.1,89.1,7.1,10.7,14.4,10.7,18.2
NOV-1987,89.0,4.2,5.7,0.6,90.8,4.8,6.9,9.1,8.7,19.5
DEC-1987,86.2,4.2,11.4,0.3,47.0,2.5,4.6,6.7,7.8,14.9
JAN-1988,87.2,4.7,8.5,0.6,125.5,3.6,6.0,8.4,8.0,27.1
FEB-1988,81.4,5.3,12.3,0.8,83.0,1.8,4.4,7.1,6.9,20.1
MAR-1988,85.4,5.9,13.0,0.9,109.3,1.8,4.8,7.7,7.6,25.6
APR-1988,60.7,9.7,9.0,2.2,14.2,3.3,8.1,13.0,8.0,7.1
MAY-1988,66.7,9.7,0.3,3.2,45.5,9.1,13.9,18.8,11.1,14.1
JUN-1988,81.5,7.3,0.0,2.7,27.4,10.8,14.4,18.0,13.0,10.2
JUL-1988,77.4,7.8,0.0,2.7,135.2,12.2,16.1,20.1,15.0,22.1
AUG-1988,65.8,9.5,0.0,2.8,68.8,12.0,16.8,21.5,15.1,14.2
SEP-1988,78.5,7.2,0.0,1.6,87.5,10.3,13.9,17.5,13.3,19.9
OCT-1988,78.2,6.5,1.5,1.0,71.5,7.5,10.7,14.0,11.2,16.1
NOV-1988,80.3,6.2,10.4,0.5,54.5,2.7,5.8,8.9,8.3,16.3
DEC-1988,88.1,3.9,6.0,0.4,71.4,4.8,6.7,8.6,9.0,23.5
JAN-1989,84.0,5.1,11.5,0.5,24.8,2.4,4.9,7.5,7.6,11.8
FEB-1989,77.7,6.2,10.9,0.8,54.5,2.2,5.3,8.4,7.7,15.5
MAR-1989,75.8,7.9,6.9,1.4,82.0,4.3,8.2,12.2,8.8,19.6
APR-1989,79.8,7.3,9.0,1.7,71.1,3.3,6.9,10.6,7.8,17.2
MAY-1989,47.1,11.7,0.8,3.7,13.1,8.2,14.0,19.8,10.7,4.7
JUN-1989,62.0,10.1,0.0,3.6,70.5,10.3,15.3,20.4,12.4,14.1
JUL-1989,65.3,9.5,0.0,3.5,53.0,13.0,17.7,22.5,15.2,9.9
AUG-1989,65.9,9.9,0.0,2.9,51.9,12.2,17.1,22.1,15.0,13.0
SEP-1989,68.4,8.5,0.0,1.9,47.9,11.2,15.4,19.7,14.4,14.4
OCT-1989,74.0,7.0,0.5,1.2,81.5,8.6,12.1,15.6,11.7,21.0
NOV-1989,77.2,7.1,12.3,0.7,31.4,2.0,5.5,9.1,7.7,12.7
DEC-1989,83.4,5.3,11.5,0.5,85.1,2.4,5.1,7.8,7.7,17.9
JAN-1990,87.3,4.5,9.5,0.6,53.6,3.2,5.4,7.7,7.8,17.8
FEB-1990,77.7,6.8,6.5,1.1,91.3,4.2,7.6,11.0,8.4,18.8
MAR-1990,68.6,7.8,6.4,1.6,36.6,4.5,8.4,12.4,8.6,13.0
APR-1990,59.8,9.7,8.8,2.1,47.0,3.4,8.2,13.1,8.2,16.1
MAY-1990,51.0,11.3,0.8,3.6,27.7,8.1,13.8,19.4,10.7,8.0
JUN-1990,82.7,7.9,0.0,2.7,75.5,10.7,14.6,18.6,13.2,16.7
JUL-1990,57.0,9.9,0.0,3.7,42.4,11.7,16.6,21.6,13.6,10.0
AUG-1990,57.7,11.0,0.0,3.5,59.8,13.2,18.6,24.1,15.4,10.9
SEP-1990,82.5,7.7,0.3,1.7,97.2,9.0,12.8,16.7,12.2,21.9
OCT-1990,73.8,7.5,1.0,1.2,59.0,8.1,11.8,15.6,11.4,14.0
NOV-1990,83.7,5.3,7.9,0.6,90.6,3.8,6.4,9.1,8.5,22.5
DEC-1990,87.4,4.2,12.4,0.5,67.8,2.1,4.1,6.2,7.1,17.7
JAN-1991,78.3,4.7,14.5,0.7,52.1,1.3,3.6,6.0,6.4,18.7
FEB-1991,73.6,6.4,22.3,0.5,26.9,-3.5,-0.2,3.0,5.3,8.7
MAR-1991,78.1,7.6,6.7,1.3,24.8,4.4,8.2,12.0,9.0,9.4
APR-1991,62.2,9.5,9.3,2.2,36.5,3.2,7.9,12.7,7.8,11.0
MAY-1991,80.0,8.4,4.6,2.1,36.6,5.4,9.6,13.9,9.5,10.6
JUN-1991,84.3,7.3,0.3,2.4,115.2,8.9,12.5,16.2,11.8,19.6
JUL-1991,61.4,9.2,0.0,3.6,54.4,14.1,18.7,23.3,16.3,12.7
AUG-1991,56.6,10.4,0.0,3.3,23.3,12.8,18.0,23.2,15.4,6.8
SEP-1991,66.7,9.6,0.0,2.3,64.2,10.6,15.4,20.2,13.3,15.5
OCT-1991,74.1,7.3,2.9,1.1,51.0,6.4,10.1,13.7,10.2,13.5
NOV-1991,83.1,5.6,9.6,0.6,104.3,3.0,5.8,8.6,8.0,22.1
DEC-1991,81.8,5.1,14.3,0.4,54.0,1.4,3.9,6.5,7.2,13.2
JAN-1992,80.0,4.7,15.5,0.5,39.9,0.9,3.3,5.6,6.6,13.9
FEB-1992,82.6,6.1,11.9,0.7,31.7,2.0,5.0,8.1,7.6,14.0
MAR-1992,79.8,6.7,9.3,1.2,87.7,3.3,6.6,10.0,8.1,22.4
APR-1992,75.7,8.5,7.2,1.9,54.1,4.1,8.3,12.6,8.4,16.1
MAY-1992,50.4,10.5,0.1,3.7,46.8,9.6,14.8,20.1,11.5,9.4
JUN-1992,64.8,9.6,0.0,3.6,51.2,12.2,16.9,21.7,14.0,12.5
JUL-1992,66.4,9.4,0.0,3.5,67.9,13.6,18.2,23.0,15.6,13.9
AUG-1992,70.3,9.0,0.0,2.9,109.1,13.6,18.1,22.6,16.1,19.5
SEP-1992,74.6,8.4,0.0,1.8,52.2,10.1,14.2,18.5,13.3,12.9
OCT-1992,74.4,6.9,6.8,1.0,92.9,4.4,7.8,11.3,8.9,20.4
NOV-1992,84.7,5.7,6.0,0.6,121.6,4.7,7.5,10.3,9.1,25.3
DEC-1992,84.2,4.2,12.7,0.4,52.4,2.0,4.1,6.2,7.3,15.8
JAN-1993,81.8,6.0,13.3,0.6,83.8,1.7,4.7,7.7,7.3,23.6
FEB-1993,85.2,4.5,16.4,0.4,27.3,-0.1,2.1,4.4,6.6,9.0
MAR-1993,64.9,8.3,13.9,1.5,13.4,1.5,5.6,9.8,7.0,7.3
APR-1993,67.8,9.1,3.4,2.2,42.8,6.1,10.6,15.2,9.9,12.5
MAY-1993,67.4,9.7,0.2,3.0,65.5,9.2,14.0,18.9,12.0,13.0
JUN-1993,67.4,9.2,0.0,3.1,39.6,10.7,15.3,19.9,13.6,9.6
JUL-1993,76.7,8.4,0.0,2.6,128.1,11.8,15.9,20.1,15.2,20.0
AUG-1993,69.3,9.1,0.0,2.5,64.0,10.9,15.5,20.0,14.2,13.3
SEP-1993,82.0,7.1,0.2,1.4,128.5,9.4,12.9,16.5,13.0,22.0
OCT-1993,79.6,6.1,3.6,0.9,97.7,6.0,9.0,12.1,10.0,19.2
NOV-1993,82.9,4.9,17.4,0.3,51.4,-0.0,2.4,4.9,6.7,10.3
DEC-1993,92.9,4.6,9.9,0.4,145.0,3.1,5.3,7.6,8.0,30.2
JAN-1994,85.5,4.8,10.5,0.6,89.7,2.8,5.2,7.6,7.6,26.6
FEB-1994,77.9,6.0,19.6,0.7,27.2,-1.5,1.5,4.6,5.6,9.9
MAR-1994,79.7,6.8,8.1,1.2,95.8,3.8,7.2,10.6,8.4,21.6
APR-1994,72.4,8.4,7.1,1.9,58.3,4.1,8.3,12.6,8.7,15.1
MAY-1994,79.5,8.5,1.0,2.4,65.1,8.0,12.2,16.5,11.2,15.1
JUN-1994,67.7,9.0,0.0,3.1,52.7,10.5,14.9,19.5,13.3,12.0
JUL-1994,49.3,10.7,0.0,4.4,48.5,15.4,20.8,26.2,17.3,7.4
AUG-1994,66.9,9.2,0.0,2.9,70.5,13.2,17.7,22.4,15.7,15.0
SEP-1994,82.2,7.0,0.0,1.5,124.9,10.1,13.6,17.1,13.4,22.8
OCT-1994,71.6,7.8,4.8,1.0,103.7,5.4,9.2,13.2,9.8,19.7
NOV-1994,87.2,5.3,2.3,0.5,51.3,6.8,9.4,12.1,10.8,14.3
DEC-1994,84.2,5.3,9.1,0.5,105.4,3.4,6.0,8.7,8.3,23.4
JAN-1995,84.4,5.4,15.9,0.5,129.7,0.8,3.4,6.1,6.8,27.8
FEB-1995,82.6,5.7,7.8,0.7,91.8,3.6,6.4,9.2,8.4,20.6
MAR-1995,67.8,7.5,14.0,1.3,84.4,1.5,5.2,8.9,7.0,23.5
APR-1995,74.8,8.2,6.3,1.7,31.3,4.5,8.6,12.7,9.1,10.6
MAY-1995,69.0,10.2,1.7,2.8,51.5,7.3,12.4,17.5,10.7,12.0
JUN-1995,75.4,8.3,0.0,2.7,66.8,10.0,14.1,18.2,13.2,13.1
JUL-1995,53.4,10.3,0.0,3.9,59.2,14.7,19.8,24.9,17.6,9.2
AUG-1995,48.5,10.8,0.0,3.7,53.1,14.0,19.4,24.8,16.2,8.6
SEP-1995,81.2,7.4,0.0,1.6,112.4,10.2,13.8,17.5,13.5,19.6
OCT-1995,71.8,7.9,0.3,1.1,30.0,9.1,13.0,17.0,13.0,10.2
NOV-1995,81.3,5.9,9.1,0.5,42.1,3.3,6.2,9.2,8.6,13.8
DEC-1995,84.1,4.5,23.0,0.4,39.4,-2.3,0.0,2.3,5.2,10.9
JAN-1996,82.4,4.4,23.6,0.5,6.9,-2.6,-0.4,1.9,5.0,3.4
FEB-1996,83.1,5.4,22.3,0.5,51.0,-2.8,-0.1,2.6,5.3,15.0
MAR-1996,76.0,7.0,19.7,1.0,15.8,-0.7,2.8,6.4,6.1,8.9
APR-1996,57.9,10.6,8.4,2.5,7.4,3.6,8.8,14.1,7.6,4.8
MAY-1996,86.4,7.9,3.0,2.1,49.2,6.4,10.3,14.3,9.9,16.4
JUN-1996,70.2,9.3,0.0,3.2,26.2,10.2,14.8,19.5,12.7,9.0
JUL-1996,71.2,9.1,0.0,3.0,51.0,11.4,15.9,20.5,14.2,13.6
AUG-1996,67.6,9.5,0.0,2.9,103.3,12.8,17.6,22.3,15.7,15.5
SEP-1996,72.1,8.4,0.9,1.7,49.6,8.1,12.3,16.5,11.8,13.0
OCT-1996,74.8,7.5,2.1,1.1,69.9,7.0,10.7,14.5,10.9,17.5
NOV-1996,87.6,5.0,8.3,0.6,118.3,3.6,6.1,8.6,8.2,24.5
DEC-1996,82.3,4.5,21.8,0.4,39.7,-1.6,0.7,2.9,5.6,10.3
JAN-1997,81.9,5.4,24.6,0.4,4.7,-3.4,-0.7,2.0,5.0,3.3
FEB-1997,82.9,5.7,9.0,0.9,75.8,3.0,5.9,8.8,7.7,18.0
MAR-1997,76.9,7.4,8.3,1.2,30.0,3.7,7.4,11.1,8.7,15.3
APR-1997,64.2,9.3,10.7,2.1,29.5,2.6,7.2,11.9,7.6,8.2
MAY-1997,68.9,9.2,1.3,2.6,78.6,7.6,12.2,16.9,11.1,15.9
JUN-1997,71.2,9.0,0.0,3.1,98.6,10.9,15.3,19.9,13.4,18.8
JUL-1997,69.4,8.5,0.0,3.1,55.5,13.0,17.3,21.6,15.6,15.1
AUG-1997,53.8,10.3,0.0,3.6,50.4,15.1,20.2,25.4,17.5,10.6
SEP-1997,60.4,9.9,0.2,2.2,28.4,9.5,14.4,19.3,12.8,8.1
OCT-1997,72.4,8.2,4.8,1.0,78.5,5.4,9.4,13.5,10.0,15.9
NOV-1997,86.7,5.2,8.2,0.4,45.5,3.6,6.2,8.8,8.9,14.9
DEC-1997,90.0,4.4,10.5,0.4,85.1,2.8,5.0,7.2,7.8,22.6
JAN-1998,83.7,5.0,11.9,0.7,84.8,2.3,4.8,7.3,7.0,20.1
FEB-1998,73.7,6.6,9.0,0.9,18.1,3.0,6.3,9.7,7.9,7.9
MAR-1998,81.8,7.1,8.6,1.2,85.8,3.6,7.1,10.7,8.5,16.5
APR-1998,83.5,7.2,4.7,1.7,88.9,5.3,8.9,12.5,9.3,22.2
MAY-1998,69.2,9.7,0.2,3.0,35.5,9.3,14.1,19.0,12.1,8.8
JUN-1998,79.0,8.3,0.0,2.8,127.2,11.4,15.5,19.6,14.2,19.9
JUL-1998,80.5,7.7,0.0,2.8,76.3,12.1,15.9,19.8,14.4,18.6
AUG-1998,66.6,9.7,0.0,2.9,69.3,11.8,16.6,21.4,14.4,12.1
SEP-1998,84.4,6.8,0.0,1.5,112.5,11.1,14.4,17.9,14.5,21.7
OCT-1998,88.4,5.7,2.3,0.9,161.5,6.8,9.7,12.5,10.3,25.7
NOV-1998,83.2,5.4,14.5,0.4,87.2,1.1,3.8,6.5,7.3,19.9
DEC-1998,84.9,4.5,12.7,0.3,86.0,2.0,4.2,6.5,7.6,20.9
JAN-1999,84.8,5.0,10.8,0.6,87.5,2.7,5.2,7.7,7.6,25.7
FEB-1999,78.2,5.4,15.3,0.6,61.8,0.4,3.1,5.8,6.8,18.4
MAR-1999,80.9,6.8,8.2,1.2,79.1,3.8,7.1,10.6,8.6,18.7
APR-1999,68.1,8.5,5.0,1.9,50.5,5.2,9.4,13.7,9.6,14.9
MAY-1999,66.9,9.6,0.4,2.9,38.1,8.8,13.6,18.4,11.8,12.5
JUN-1999,66.5,9.4,0.0,3.2,92.9,10.1,14.8,19.5,12.7,15.3
JUL-1999,59.0,9.9,0.0,3.8,41.8,13.9,18.9,23.9,16.1,10.2
AUG-1999,73.8,9.2,0.0,2.8,102.3,13.0,17.5,22.1,15.3,14.2
SEP-1999,65.8,8.7,0.0,2.2,76.6,13.1,17.5,21.8,15.9,15.6
OCT-1999,75.6,7.0,2.0,1.1,65.9,7.1,10.5,14.0,10.7,16.7
NOV-1999,83.9,5.7,8.4,0.5,59.2,3.6,6.4,9.3,8.6,15.0
DEC-1999,86.5,4.6,10.8,0.6,152.9,2.7,5.0,7.3,7.3,27.0
JAN-2000,84.6,4.6,12.7,0.5,49.2,2.0,4.2,6.6,7.2,15.2
FEB-2000,76.7,6.0,9.9,0.9,84.4,2.8,5.8,8.8,7.6,20.3
MAR-2000,84.1,6.3,8.6,1.2,67.3,3.6,6.7,9.9,8.3,16.2
APR-2000,72.4,8.9,4.4,2.2,45.4,5.5,9.9,14.4,9.1,14.4
MAY-2000,68.2,9.6,0.1,3.0,80.7,9.5,14.3,19.1,12.3,14.9
JUN-2000,65.8,9.2,0.0,3.3,40.6,11.1,15.7,20.3,13.4,10.3
JUL-2000,85.5,7.2,0.0,2.4,96.3,11.5,15.1,18.7,14.2,19.2
AUG-2000,60.1,9.6,0.0,3.0,46.1,12.7,17.5,22.3,15.5,11.1
SEP-2000,81.5,7.4,0.0,1.6,77.5,11.5,15.1,18.8,14.8,16.9
OCT-2000,82.4,6.4,0.7,1.2,107.1,8.3,11.5,14.7,11.1,22.8
NOV-2000,88.3,4.9,4.3,0.8,100.6,5.5,8.0,10.5,9.1,21.8
DEC-2000,82.6,4.1,8.7,0.5,71.7,3.5,5.6,7.6,8.0,21.7
JAN-2001,83.9,4.7,16.0,0.5,66.5,0.7,3.1,5.4,6.6,17.3
FEB-2001,79.4,5.9,13.2,0.7,73.6,1.3,4.2,7.2,7.3,17.2
MAR-2001,87.8,5.9,12.4,0.9,70.2,2.1,5.0,8.0,7.7,21.8
APR-2001,78.5,8.0,8.2,1.7,77.2,3.6,7.6,11.7,8.4,21.0
MAY-2001,55.0,10.3,0.5,3.3,34.7,8.6,13.7,18.9,11.3,8.3
JUN-2001,72.6,9.2,0.1,3.0,56.0,9.6,14.2,18.8,12.2,13.7
JUL-2001,63.9,9.2,0.0,3.5,76.8,13.7,18.3,23.0,16.0,16.5
AUG-2001,64.0,9.5,0.0,3.1,91.6,13.9,18.6,23.4,16.4,15.3
SEP-2001,86.8,6.7,0.1,1.4,156.1,9.6,13.0,16.4,13.0,25.0
OCT-2001,77.9,6.5,0.0,1.1,54.4,10.6,13.8,17.1,13.6,14.8
NOV-2001,83.3,6.0,7.7,0.6,89.0,3.9,6.8,9.8,8.8,18.7
DEC-2001,80.6,5.1,16.4,0.3,76.3,0.6,3.1,5.7,6.9,18.5
JAN-2002,83.2,4.7,12.7,0.4,67.8,2.0,4.3,6.6,7.4,17.9
FEB-2002,74.4,6.0,7.1,1.0,120.3,3.9,6.9,9.9,8.0,19.2
MAR-2002,70.7,7.9,9.7,1.4,41.6,3.1,7.1,11.1,8.0,14.0
APR-2002,64.6,9.1,6.8,2.2,48.8,4.3,8.8,13.4,8.4,12.1
MAY-2002,77.2,8.5,0.3,2.6,46.2,9.0,13.2,17.5,11.7,13.7
JUN-2002,72.7,8.9,0.0,3.2,66.7,11.8,16.2,20.7,13.9,15.2
JUL-2002,76.8,8.1,0.0,3.0,96.8,13.2,17.3,21.4,15.4,17.3
AUG-2002,73.0,8.7,0.0,2.9,118.2,14.7,19.0,23.4,17.0,14.5
SEP-2002,69.1,8.6,0.0,2.0,40.4,10.4,14.7,19.0,13.2,10.5
OCT-2002,79.6,7.1,3.8,1.0,92.4,5.9,9.5,13.1,10.0,23.7
NOV-2002,87.1,5.3,5.5,0.5,90.4,5.0,7.6,10.3,9.6,20.7
DEC-2002,86.9,3.9,15.8,0.1,81.5,0.8,2.7,4.7,7.3,17.0
JAN-2003,85.9,5.1,18.3,0.4,77.9,-0.2,2.4,5.0,6.5,21.1
FEB-2003,67.2,7.0,20.7,0.7,17.2,-2.2,1.3,4.9,5.7,7.1
MAR-2003,60.6,9.1,11.1,1.6,26.3,2.6,7.1,11.7,7.7,7.4
APR-2003,53.2,10.6,7.5,2.6,40.1,4.0,9.3,14.6,8.0,10.0
MAY-2003,72.4,9.3,0.5,2.8,80.6,8.6,13.3,18.0,11.5,17.5
JUN-2003,58.8,10.4,0.0,3.9,40.3,12.6,17.8,23.0,14.6,9.3
JUL-2003,63.6,9.7,0.0,3.8,51.1,14.0,18.8,23.7,15.6,13.9
AUG-2003,52.4,11.0,0.0,3.8,26.5,14.2,19.7,25.2,16.1,6.0
SEP-2003,52.7,10.8,0.2,2.5,53.0,9.4,14.8,20.2,12.5,11.3
OCT-2003,72.3,8.2,9.0,1.1,79.7,3.4,7.5,11.7,8.5,18.0
NOV-2003,83.3,5.4,4.7,0.6,52.7,5.3,8.0,10.7,9.4,14.7
DEC-2003,80.4,5.2,12.3,0.5,82.4,2.1,4.7,7.3,7.4,15.9
JAN-2004,91.1,4.6,15.9,0.5,113.5,0.8,3.0,5.4,6.8,24.5
FEB-2004,81.4,5.6,12.0,0.8,70.1,1.9,4.7,7.5,7.2,12.9
MAR-2004,74.7,7.6,12.2,1.3,33.3,2.1,5.9,9.8,7.4,13.8
APR-2004,67.1,9.4,4.8,2.3,36.0,5.3,10.0,14.7,9.0,13.1
MAY-2004,72.8,9.2,1.8,2.6,32.5,7.2,11.8,16.5,10.4,8.6
JUN-2004,75.4,8.8,0.0,2.9,78.9,10.6,14.9,19.4,13.3,16.6
JUL-2004,71.9,8.7,0.0,3.1,103.8,12.1,16.5,20.9,14.7,21.0
AUG-2004,69.2,8.9,0.0,3.0,125.1,14.3,18.8,23.2,16.8,19.8
SEP-2004,61.9,8.6,0.0,2.2,75.8,10.9,15.1,19.4,13.4,16.4
OCT-2004,76.3,6.9,1.2,1.2,61.4,7.8,11.2,14.7,10.8,15.9
NOV-2004,85.2,5.6,8.0,0.6,73.8,3.7,6.5,9.3,8.6,15.7
DEC-2004,83.4,4.7,13.9,0.4,49.7,1.5,3.9,6.3,7.2,11.9
JAN-2005,83.6,4.8,10.9,0.7,57.9,2.6,5.0,7.4,7.3,17.7
FEB-2005,79.9,5.0,17.4,0.6,62.1,-0.5,2.0,4.5,6.2,12.8
MAR-2005,79.7,7.3,12.4,1.0,47.0,2.1,5.7,9.3,8.0,15.0
APR-2005,66.6,9.3,5.2,2.2,55.2,5.1,9.7,14.4,9.1,15.5
MAY-2005,71.0,9.6,1.4,2.7,53.6,7.5,12.3,17.1,10.7,16.4
JUN-2005,61.4,10.0,0.0,3.6,51.9,10.9,15.9,20.9,13.3,9.5
JUL-2005,77.0,8.5,0.0,3.1,126.0,13.4,17.6,21.9,15.6,19.7
AUG-2005,70.4,8.7,0.0,2.6,101.4,11.8,16.1,20.5,14.7,15.4
SEP-2005,58.8,9.2,0.0,2.1,59.7,11.3,15.9,20.5,14.7,12.8
OCT-2005,67.8,7.6,0.3,1.2,59.1,9.2,13.0,16.8,12.8,13.0
NOV-2005,83.0,5.5,7.1,0.6,76.7,4.2,6.9,9.6,8.7,15.3
DEC-2005,83.7,4.3,12.4,0.5,61.7,2.1,4.2,6.4,7.2,19.1
JAN-2006,80.4,5.0,21.7,0.3,19.1,-1.6,1.0,3.5,5.9,8.1
FEB-2006,87.5,4.6,16.3,0.6,51.9,-0.1,2.3,4.6,6.4,12.9
MAR-2006,75.5,7.0,18.3,0.9,64.7,-0.2,3.3,6.8,6.7,16.9
APR-2006,74.5,8.6,7.5,1.9,39.6,3.9,8.2,12.5,8.5,14.7
MAY-2006,75.1,9.2,0.4,2.8,83.0,8.8,13.4,18.0,11.5,21.5
JUN-2006,58.6,10.2,0.0,3.7,40.0,11.0,16.1,21.2,13.0,6.8
JUL-2006,41.8,11.6,0.0,4.5,23.7,14.3,20.1,25.9,16.8,6.1
AUG-2006,81.3,8.0,0.0,2.3,167.1,12.4,16.4,20.4,15.3,23.1
SEP-2006,61.8,9.0,0.0,2.4,20.0,13.4,17.8,22.3,16.1,7.9
OCT-2006,79.5,7.1,0.0,1.3,80.2,10.1,13.6,17.2,13.0,20.1
NOV-2006,82.3,6.2,3.2,0.9,75.1,6.2,9.3,12.4,9.8,18.8
DEC-2006,85.7,4.5,5.7,0.7,79.2,4.9,7.1,9.4,8.4,16.0
JAN-2007,89.3,4.9,6.1,0.8,112.0,4.7,7.1,9.6,8.4,24.2
FEB-2007,86.1,5.4,8.8,0.7,77.6,3.1,5.8,8.5,8.1,16.9
MAR-2007,64.1,8.1,7.7,1.6,62.3,4.0,8.0,12.1,8.3,16.2
APR-2007,50.9,11.3,3.4,2.8,0.5,6.1,11.7,17.3,9.8,0.7
MAY-2007,75.2,9.3,0.2,2.8,83.0,9.1,13.7,18.3,11.9,20.9
JUN-2007,79.7,8.4,0.0,2.9,97.2,12.6,16.7,20.9,15.2,19.4
JUL-2007,74.9,8.0,0.0,3.0,136.7,12.8,16.8,20.8,14.9,23.0
AUG-2007,67.1,8.7,0.0,2.8,58.8,12.7,17.1,21.4,15.1,13.3
SEP-2007,78.8,8.1,0.1,1.7,76.3,9.8,13.8,17.9,13.0,17.7
OCT-2007,74.7,7.8,3.4,1.0,39.2,6.2,10.0,13.9,10.5,10.8
NOV-2007,86.2,5.7,7.7,0.7,75.4,3.9,6.7,9.5,8.5,17.9
DEC-2007,82.5,4.2,11.9,0.5,74.0,2.3,4.4,6.5,7.3,14.6
JAN-2008,89.5,4.8,8.1,0.7,85.8,3.8,6.2,8.7,8.0,21.2
FEB-2008,67.4,7.1,11.8,1.1,39.1,2.0,5.5,9.1,7.0,9.2
MAR-2008,80.5,6.8,11.3,1.3,101.6,2.5,5.9,9.3,7.5,24.1
APR-2008,71.6,8.8,7.7,2.0,36.5,3.9,8.3,12.7,8.2,13.4
MAY-2008,54.8,10.9,0.1,3.6,28.9,9.5,14.9,20.4,11.6,9.1
JUN-2008,63.6,9.8,0.0,3.6,48.3,11.2,16.0,21.0,13.2,11.8
JUL-2008,68.9,9.4,0.0,3.5,105.3,13.2,17.9,22.6,15.3,20.4
AUG-2008,76.2,8.2,0.0,2.7,101.9,13.3,17.4,21.5,15.7,20.4
SEP-2008,75.1,8.5,0.2,1.9,65.0,9.4,13.7,17.9,12.5,14.4
OCT-2008,76.0,7.2,2.6,1.1,103.0,6.7,10.3,13.9,10.3,18.9
NOV-2008,89.5,5.2,6.3,0.6,75.0,4.5,7.1,9.8,8.9,17.1
DEC-2008,79.4,4.3,14.7,0.4,45.2,1.2,3.3,5.5,6.7,12.1
JAN-2009,80.3,5.1,22.0,0.4,49.0,-1.7,0.9,3.4,5.6,12.7
FEB-2009,87.4,5.2,15.2,0.6,51.4,0.4,3.0,5.7,6.7,17.0
MAR-2009,75.6,7.3,11.2,1.3,59.6,2.5,6.2,9.8,7.6,16.2
APR-2009,57.5,10.6,2.9,2.6,23.7,6.4,11.7,17.0,10.0,7.5
MAY-2009,65.3,10.0,0.7,3.0,60.3,8.3,13.4,18.4,11.3,11.3
JUN-2009,65.7,9.2,0.0,3.2,57.0,10.2,14.8,19.4,12.9,12.4
JUL-2009,64.4,9.3,0.0,3.6,92.8,13.3,17.9,22.6,15.0,21.7
AUG-2009,55.5,10.5,0.0,3.6,33.8,13.5,18.8,24.1,15.1,9.5
SEP-2009,70.1,9.1,0.0,2.2,32.3,10.8,15.3,19.9,13.3,10.8
OCT-2009,79.0,7.2,2.8,1.0,76.4,6.5,10.1,13.7,10.5,21.4
NOV-2009,88.3,5.2,2.3,0.9,120.1,6.8,9.4,12.0,9.9,26.3
DEC-2009,84.1,4.6,16.6,0.4,87.5,0.5,2.8,5.1,6.7,21.9
JAN-2010,87.4,4.4,24.3,0.4,45.8,-3.2,-0.9,1.3,5.1,15.0
FEB-2010,88.4,5.2,19.1,0.6,62.5,-1.3,1.4,4.0,5.9,15.3
MAR-2010,74.2,7.7,12.4,1.3,46.8,2.1,5.9,9.8,7.4,13.9
APR-2010,49.9,10.1,7.3,2.6,20.7,4.1,9.1,14.2,7.9,7.4
MAY-2010,79.6,8.4,3.6,2.3,59.6,6.0,10.2,14.4,9.5,11.8
JUN-2010,57.2,10.5,0.0,3.7,32.9,10.6,15.8,21.1,13.0,7.8
JUL-2010,55.8,10.3,0.0,4.4,64.7,14.8,19.9,25.0,15.5,14.0
AUG-2010,77.5,8.5,0.0,2.6,154.2,12.6,16.8,21.1,15.0,22.3
SEP-2010,76.6,8.4,0.2,1.7,87.6,9.3,13.5,17.7,12.9,19.0
OCT-2010,75.9,7.8,3.1,1.1,64.7,6.3,10.2,14.1,10.6,16.7
NOV-2010,91.0,5.0,8.2,0.6,101.9,3.7,6.1,8.6,8.2,17.2
DEC-2010,89.5,4.9,24.6,0.3,53.7,-3.4,-0.9,1.5,5.1,17.6
JAN-2011,85.3,4.3,14.4,0.5,70.7,1.3,3.5,5.6,6.9,18.0
FEB-2011,84.8,5.4,13.8,0.5,46.5,1.0,3.7,6.4,7.5,11.3
MAR-2011,67.4,8.7,12.8,1.4,14.8,1.9,6.2,10.6,7.5,6.5
APR-2011,47.3,11.4,2.6,3.0,11.8,6.6,12.2,18.0,9.8,6.0
MAY-2011,56.5,10.9,0.7,3.6,27.9,8.4,13.8,19.3,10.3,9.6
JUN-2011,67.6,9.6,0.0,3.4,82.5,11.1,15.9,20.8,13.2,17.4
JUL-2011,78.8,7.9,0.0,3.0,117.3,12.0,15.9,19.9,13.4,16.9
AUG-2011,77.1,8.7,0.0,2.7,112.2,12.8,17.1,21.5,15.1,20.2
SEP-2011,68.1,9.2,0.0,2.1,69.7,11.1,15.7,20.3,14.3,12.9
OCT-2011,66.3,8.3,2.0,1.2,63.4,7.1,11.3,15.5,11.0,15.1
NOV-2011,82.3,5.9,6.7,0.4,7.7,4.3,7.3,10.2,9.5,4.3
DEC-2011,87.5,4.7,7.2,0.7,146.2,4.2,6.5,8.9,7.9,29.4
JAN-2012,84.4,4.7,11.8,0.6,87.5,2.3,4.6,7.0,7.2,21.5
FEB-2012,73.4,6.3,22.2,0.4,21.7,-2.7,0.5,3.6,5.8,8.0
MAR-2012,66.5,8.9,8.1,1.6,18.6,3.8,8.2,12.6,8.5,4.8
APR-2012,76.8,8.7,8.1,2.0,52.7,3.7,8.0,12.4,8.1,17.4
MAY-2012,68.8,9.7,0.3,3.0,55.7,8.9,13.7,18.6,11.7,12.1
JUN-2012,80.1,8.1,0.0,2.8,86.9,10.4,14.4,18.5,12.8,18.6
JUL-2012,71.6,8.6,0.0,3.2,110.8,12.7,17.0,21.3,14.7,21.1
AUG-2012,59.4,10.0,0.0,3.3,65.1,13.5,18.5,23.5,15.7,15.7
SEP-2012,67.8,9.4,0.1,2.2,56.0,9.5,14.2,19.0,12.2,15.0
OCT-2012,77.9,7.3,2.6,1.1,108.7,6.7,10.3,14.0,10.6,21.4
NOV-2012,87.0,5.5,6.7,0.7,49.4,4.3,7.0,9.8,8.5,16.2
DEC-2012,88.0,4.8,11.9,0.4,123.4,2.3,4.6,7.0,7.7,29.5
JAN-2013,89.3,4.1,17.5,0.5,54.3,0.2,2.2,4.3,6.3,18.0
FEB-2013,84.5,4.5,17.9,0.7,37.3,-0.7,1.6,3.8,5.6,12.7
MAR-2013,77.7,6.6,21.6,1.1,32.7,-1.5,1.8,5.1,5.4,12.0
APR-2013,67.0,9.1,9.0,2.1,21.8,3.3,7.8,12.4,7.6,9.8
MAY-2013,82.3,8.3,1.9,2.5,84.7,7.2,11.3,15.5,10.0,19.0
JUN-2013,74.9,8.9,0.0,3.0,62.8,10.3,14.7,19.2,12.7,12.7
JUL-2013,53.7,10.5,0.0,4.0,43.6,13.7,18.9,24.2,16.0,8.2
AUG-2013,59.0,10.2,0.0,3.3,40.0,13.1,18.2,23.3,15.2,10.1
SEP-2013,77.3,8.1,0.0,1.8,94.0,10.1,14.2,18.3,13.1,18.3
OCT-2013,79.4,7.1,0.5,1.2,93.6,8.6,12.1,15.7,11.8,22.2
NOV-2013,85.6,5.2,6.9,0.7,91.0,4.3,6.8,9.5,8.5,19.5
DEC-2013,82.5,5.0,7.9,0.7,66.5,3.9,6.4,8.9,7.9,18.5
JAN-2014,87.0,4.8,11.2,0.6,63.7,2.5,4.9,7.3,7.5,20.9
FEB-2014,78.9,6.5,8.7,1.1,51.4,3.2,6.4,9.7,7.6,16.7
MAR-2014,58.7,9.5,8.2,1.8,22.6,3.7,8.5,13.3,8.1,7.4
APR-2014,67.4,9.6,2.7,2.3,40.4,6.5,11.3,16.1,10.2,10.1
MAY-2014,75.4,8.9,0.6,2.7,81.6,8.4,12.8,17.3,11.3,16.8
JUN-2014,66.6,9.3,0.0,3.4,52.0,11.0,15.6,20.3,13.0,11.5
JUL-2014,65.5,9.6,0.0,3.7,89.7,14.7,19.4,24.2,16.8,15.8
AUG-2014,70.2,8.9,0.0,2.7,110.5,11.8,16.2,20.7,14.4,17.3
SEP-2014,70.1,8.8,0.0,2.0,24.2,11.6,16.0,20.4,14.8,9.1
OCT-2014,80.5,7.0,0.1,1.3,69.5,9.8,13.3,16.8,12.7,19.9
NOV-2014,82.8,5.3,4.0,0.6,42.9,5.7,8.4,11.0,9.8,14.5
DEC-2014,88.8,4.4,10.0,0.6,94.3,3.0,5.2,7.5,7.4,21.0
JAN-2015,87.0,4.7,12.7,0.7,105.7,2.0,4.3,6.6,6.7,25.0
FEB-2015,77.1,5.9,15.2,0.7,45.8,0.4,3.4,6.3,6.5,11.1
MAR-2015,71.4,7.8,11.1,1.5,52.1,2.6,6.5,10.4,7.4,14.5
APR-2015,52.8,10.7,8.9,2.4,23.4,3.3,8.7,14.0,8.1,7.2
MAY-2015,74.0,9.6,2.0,2.8,49.1,7.1,11.9,16.7,10.1,15.3
JUN-2015,66.0,9.8,0.0,3.5,35.6,10.1,15.0,19.9,12.1,9.8
JUL-2015,66.8,9.3,0.0,3.7,90.1,13.6,18.2,22.9,15.0,18.8
AUG-2015,62.3,10.0,0.0,3.4,115.2,13.9,18.9,23.9,15.7,18.7
SEP-2015,73.0,8.5,0.2,1.9,94.1,9.3,13.5,17.8,12.3,21.4
OCT-2015,78.2,6.7,2.7,0.9,38.6,6.6,9.9,13.3,10.6,14.1
NOV-2015,87.1,5.7,2.2,0.7,119.2,6.9,9.7,12.6,10.5,24.7
DEC-2015,83.7,4.6,1.8,0.9,51.6,7.2,9.5,11.8,9.6,17.6
JAN-2016,86.9,5.0,13.8,0.5,99.1,1.5,4.0,6.5,7.2,23.2
FEB-2016,78.8,5.7,11.9,0.9,76.0,1.9,4.8,7.7,7.0,17.5
MAR-2016,76.5,7.3,12.9,1.3,52.7,1.9,5.5,9.1,7.2,15.4
APR-2016,69.1,8.8,7.8,2.1,57.3,3.8,8.2,12.6,8.0,17.2
MAY-2016,69.1,9.7,0.2,3.1,50.1,9.1,14.0,18.8,11.4,10.1
JUN-2016,79.3,8.5,0.0,2.9,113.9,12.0,16.2,20.4,14.7,21.6
JUL-2016,71.0,8.7,0.0,3.4,59.8,13.8,18.1,22.4,15.6,12.7
AUG-2016,60.3,10.1,0.0,3.1,61.4,12.8,17.9,22.9,15.7,14.4
SEP-2016,57.6,9.9,0.0,2.6,32.2,12.7,17.7,22.6,15.1,8.9
OCT-2016,78.5,6.8,2.8,1.1,56.7,6.5,9.9,13.3,10.2,13.7
NOV-2016,82.9,6.1,10.2,0.6,76.7,2.8,5.8,8.9,8.0,18.6
DEC-2016,82.7,5.2,10.7,0.5,29.0,2.8,5.3,7.9,7.8,9.9
JAN-2017,80.8,5.4,20.9,0.5,57.9,-1.2,1.5,4.2,5.8,13.9
FEB-2017,85.4,5.7,11.4,0.7,59.9,2.0,4.8,7.7,7.5,12.6
MAR-2017,66.5,8.2,6.5,1.6,51.9,4.5,8.6,12.7,8.6,13.5
APR-2017,64.4,9.3,8.7,2.2,26.4,3.4,8.0,12.7,7.8,9.3
MAY-2017,69.0,10.0,0.2,3.0,33.0,9.3,14.2,19.3,12.0,10.4
JUN-2017,65.0,9.8,0.0,3.7,60.4,12.4,17.3,22.1,14.2,12.6
JUL-2017,73.1,8.5,0.0,3.3,107.3,13.5,17.7,22.0,15.2,19.0
AUG-2017,70.6,9.2,0.0,3.0,77.7,12.9,17.5,22.1,15.0,17.7
SEP-2017,78.8,8.0,0.1,1.8,116.9,9.9,13.8,17.8,12.9,21.7
OCT-2017,80.8,6.7,0.1,1.3,72.9,9.5,12.8,16.2,12.0,16.0
NOV-2017,86.1,5.5,6.2,0.8,89.7,4.6,7.3,10.0,8.4,21.4
DEC-2017,92.3,4.1,9.5,0.6,114.7,3.2,5.2,7.3,7.5,25.4
JAN-2018,90.9,4.6,9.5,0.7,96.1,3.2,5.5,7.8,7.5,23.8
FEB-2018,77.3,5.8,21.0,0.8,22.0,-2.3,0.6,3.5,5.0,8.3
MAR-2018,78.8,7.1,16.5,1.1,56.5,0.5,4.1,7.6,6.9,18.9
APR-2018,65.7,10.2,2.6,2.5,67.0,6.6,11.6,16.7,10.0,13.7
MAY-2018,51.6,11.4,0.0,3.8,40.4,10.2,15.9,21.6,12.5,6.9
JUN-2018,69.7,9.5,0.0,3.6,37.4,12.2,17.0,21.7,13.9,6.3
JUL-2018,46.5,11.2,0.0,4.9,30.0,14.7,20.3,26.0,14.8,4.9
AUG-2018,61.2,10.6,0.0,3.6,65.9,13.9,19.2,24.5,15.2,15.4
SEP-2018,60.4,10.4,0.0,2.5,46.8,10.2,15.3,20.5,12.7,11.8
OCT-2018,63.5,8.9,1.3,1.5,41.4,7.8,12.2,16.6,10.9,11.5
NOV-2018,79.9,5.7,6.9,0.7,29.3,4.2,7.1,10.0,8.6,11.7
DEC-2018,87.2,4.1,6.5,0.5,99.0,4.5,6.5,8.6,8.4,20.2
JAN-2019,86.8,4.7,15.0,0.6,63.5,1.1,3.4,5.8,6.5,21.1
FEB-2019,67.5,7.9,10.5,1.1,42.7,2.4,6.3,10.3,7.5,10.1
MAR-2019,77.1,7.3,6.7,1.5,93.4,4.4,8.0,11.7,8.4,20.6
APR-2019,56.0,10.7,5.6,2.7,25.4,4.8,10.1,15.5,8.3,8.3
MAY-2019,72.5,9.7,2.9,2.6,41.8,6.4,11.2,16.1,10.0,13.2
JUN-2019,59.2,10.9,0.0,4.1,85.1,12.6,18.0,23.5,14.2,12.9
JUL-2019,63.4,9.6,0.0,3.9,48.2,13.8,18.6,23.4,14.7,9.9
AUG-2019,58.2,10.5,0.0,3.6,57.0,13.8,19.0,24.3,15.3,13.9
SEP-2019,70.5,9.1,0.0,2.2,95.0,10.3,14.7,19.3,12.8,20.1
OCT-2019,80.4,7.0,0.8,1.2,103.6,8.2,11.7,15.2,11.2,25.3
NOV-2019,84.8,5.3,7.1,0.7,85.3,4.1,6.8,9.5,8.4,20.4
DEC-2019,80.5,5.0,8.0,0.7,65.3,3.8,6.3,8.9,7.9,21.0
JAN-2020,86.7,5.3,8.7,0.7,60.1,3.5,6.2,8.8,8.1,16.5
FEB-2020,83.7,6.1,7.2,1.1,119.9,4.0,7.0,10.1,7.8,22.9
MAR-2020,60.5,8.0,10.4,1.7,49.4,2.9,6.9,10.9,7.2,14.1
APR-2020,48.8,11.6,5.6,3.1,15.0,4.9,10.6,16.5,8.0,5.3
MAY-2020,51.7,11.2,2.3,3.5,16.8,6.9,12.4,18.1,9.5,5.8
JUN-2020,66.3,9.6,0.0,3.7,84.9,12.1,16.9,21.7,13.4,13.2
JUL-2020,68.2,9.4,0.0,3.5,66.5,12.2,16.9,21.7,13.9,14.7
AUG-2020,61.3,10.4,0.0,3.7,71.2,15.2,20.4,25.6,16.7,14.3
SEP-2020,58.8,10.2,0.0,2.3,71.7,10.4,15.4,20.6,13.3,14.5
OCT-2020,86.4,6.4,0.8,1.2,102.5,8.2,11.4,14.6,10.9,26.5
NOV-2020,79.2,6.2,4.0,0.7,37.3,5.7,8.8,11.9,9.8,12.0
DEC-2020,88.5,4.0,8.0,0.5,84.7,3.9,5.9,7.9,8.1,19.2
JAN-2021,88.8,4.3,15.2,0.6,94.4,1.0,3.1,5.3,6.5,17.8
FEB-2021,72.6,6.9,15.5,0.7,49.0,0.3,3.8,7.2,6.9,10.1
MAR-2021,72.2,8.3,11.7,1.5,46.7,2.4,6.5,10.7,7.4,14.5
APR-2021,57.8,9.7,13.2,2.3,32.8,1.6,6.4,11.3,6.5,8.6
MAY-2021,79.4,8.7,2.8,2.4,90.4,6.5,10.8,15.2,9.9,20.7
JUN-2021,64.4,9.8,0.0,3.8,92.8,13.0,17.8,22.7,14.8,12.0
JUL-2021,72.0,8.6,0.0,3.3,94.4,13.8,18.1,22.4,16.0,17.5
AUG-2021,76.8,8.2,0.0,2.5,83.3,12.7,16.8,20.9,15.4,17.7
SEP-2021,67.9,9.2,0.0,2.1,31.4,11.4,16.0,20.6,14.6,9.3
OCT-2021,76.7,7.7,1.3,1.2,94.3,7.7,11.5,15.4,11.2,18.5
NOV-2021,86.1,5.1,5.5,0.7,66.8,4.9,7.4,10.0,9.0,14.7
DEC-2021,87.7,4.3,9.6,0.3,76.4,3.2,5.3,7.5,8.3,16.8
JAN-2022,85.9,4.7,9.8,0.8,55.4,3.1,5.4,7.8,7.3,14.6
FEB-2022,75.7,6.5,8.2,1.1,89.4,3.4,6.6,9.9,7.6,18.5
MAR-2022,65.6,8.6,10.2,1.8,15.5,2.9,7.2,11.5,7.2,4.8
APR-2022,56.7,9.7,7.5,2.4,43.1,3.9,8.8,13.6,8.0,9.4
MAY-2022,61.7,10.6,0.5,3.3,46.3,8.7,14.0,19.3,11.3,13.1
JUN-2022,58.6,10.7,0.0,4.0,78.9,11.6,16.9,22.3,13.3,12.2
JUL-2022,55.7,11.1,0.0,4.3,25.6,13.0,18.6,24.1,14.2,7.1
AUG-2022,44.5,11.7,0.0,4.2,24.2,14.6,20.4,26.3,15.8,3.4
SEP-2022,69.0,8.8,0.0,2.1,114.5,10.2,14.5,18.9,12.9,21.2
OCT-2022,68.0,8.1,0.1,1.4,43.2,9.5,13.5,17.6,12.6,15.8
NOV-2022,82.1,6.0,4.2,0.7,85.2,5.6,8.6,11.6,9.7,17.1
DEC-2022,82.9,4.9,13.2,0.4,74.2,1.8,4.2,6.7,7.3,15.7
JAN-2023,88.9,4.7,8.8,0.8,101.9,3.5,5.8,8.2,7.5,25.2
FEB-2023,74.9,6.6,10.7,0.9,22.7,2.3,5.6,8.9,7.6,8.9
MAR-2023,82.0,6.9,8.8,1.3,96.4,3.5,6.9,10.4,8.2,24.2
APR-2023,66.9,8.7,7.6,2.0,63.8,3.9,8.2,12.5,8.3,14.5
MAY-2023,59.6,10.0,1.0,3.0,37.4,7.9,12.9,17.9,11.2,7.3
JUN-2023,55.2,11.3,0.0,4.4,25.5,12.7,18.4,24.0,13.9,6.0
JUL-2023,71.4,8.9,0.0,3.5,118.9,13.6,18.0,22.5,14.8,20.5
AUG-2023,69.1,8.7,0.0,2.8,108.8,13.4,17.7,22.1,15.8,19.5
SEP-2023,53.1,10.4,0.0,2.5,59.7,12.8,18.0,23.2,16.1,10.4
OCT-2023,81.3,7.3,0.2,1.2,140.8,9.3,12.9,16.6,12.4,26.1
NOV-2023,89.7,5.4,5.4,0.7,144.4,5.0,7.7,10.4,9.1,23.0
DEC-2023,93.3,4.0,6.0,0.6,112.1,4.8,6.8,8.8,8.6,26.0
